"blogid","children_aba_treatment","know_see_girl","see_research_spectrum","mercury_chelation_treatment","should_fact_point","post_blog_read","vaccine_vaccines_thimerosal","back_little_down","house_room_clean","services_act_bill","car_walk_place","levels_study_children","show_video_music","doctor_hospital_pain","time_know_get","children_canada_government","study_children_data","get_work_today","family_friends_mom","syndrome_down_baby","disabilities_care_disability","people_different_person","words_use_language","conference_blogher_san","birthday_party_happy","police_story_mother","brain_genetic_environmental","court_case_cases","school_students_education","kids_special_needs","kids_fun_play","use_ipad_site","love_thank_miles","day_home_night","back_bike_day","food_eat_eating","research_iacc_health","christmas_year_joy","book_read_books","hair_wear_dog","god_hope_love","get_time_know","speaks_community_awareness","life_love_world","science_david_article","child_children_parents","people_believe_person","wakefield_mmr_andrew","beauty_thomas_went","disorder_spectrum_persons"
1,0.00122414707749553,0.00407473039575508,0.00155394362574236,0.00137529828985072,0.0531651850313952,0.00688150611170596,0.00224667605514773,0.040710657168522,0.0335195693426737,0.00692031246349607,0.029761226298749,0.00200856453051184,0.0133596787103176,0.0149325428913144,0.164076757786068,0.00388169081972183,0.00425085586940309,0.00581304038484237,0.017857156489125,0.00294625624335356,0.00782919830503536,0.00540565819189055,0.00744259916826911,0.00239587516564081,0.0161791302537256,0.0139974803795173,0.00207446370455996,0.00128455486759809,0.00942044763182263,0.00175843842228095,0.00709232890852597,0.00757630089038951,0.00295306854322493,0.0273318260614931,0.0030275855694779,0.0215281061013771,0.00164525466009695,0.011253615521616,0.00915588246527409,0.0250490961482627,0.00824796159066143,0.0563352227775784,0.00406550956311066,0.0307460404691842,0.00301862187237828,0.0110374709637249,0.0191330152903769,0.00165535079129187,0.269183714103689,0.00161638603273446
2,0.00126992860107808,0.304430072222117,0.000372678119289237,0.000266062236483706,0.0502252395057997,0.0173623896791962,0.000363486766697419,0.134123708444965,0.0107811344873105,0.00682147031211637,0.0167553987795127,0.000238461878746015,0.00872859580975091,0.00434379064056574,0.12775294707518,0.000438968391499955,0.00135840908693178,0.00263383538720207,0.0127918676237471,0.00103966168040949,0.00339854723863187,0.0195142542233037,0.0115917820020744,0.00175893284791384,0.0176161256893518,0.00522864002801267,0.000655655049276265,0.000285455659622174,0.0137165330822775,0.00110056411510812,0.00898603759218349,0.0042955119977605,0.0018799297218959,0.0165273741875747,0.001527849555526,0.0090414384280562,0.00190890614803541,0.00491624414809498,0.00708802809907443,0.0132588730131408,0.00623750439125618,0.0388555970989492,0.0135256167248784,0.0586220728714418,0.0012075440199744,0.0157358412333986,0.0166116806543083,0.000312679325792614,0.000934436564730205,0.00156223755975675
3,0.00723179446250372,0.00307837876803934,0.00268838274575255,0.0337317460442388,0.0931699983515817,0.0131559388530455,0.150329588166495,0.0251246572550065,0.00651769849778206,0.0409642315443633,0.0115157057494565,0.0134308413059192,0.0128899138999975,0.0144073990568648,0.14067774346158,0.0039970969651616,0.0289924288567546,0.00567752571708565,0.0150454094454533,0.00546688500573418,0.00629479229973072,0.00537105980390813,0.00749761995831393,0.010641691567285,0.00629370990927529,0.0158425107239785,0.0257551460683996,0.019842073363062,0.00860362176397551,0.00198721800254236,0.00629043974937831,0.0112810700347261,0.00232464644810606,0.0165062074845768,0.0022375622318773,0.00754704102305474,0.0297142969994359,0.00296814221690055,0.00576130510105927,0.00458430850463308,0.0130325139696379,0.0272171620609867,0.0191292121305542,0.0200230408821834,0.0306903046712516,0.0264144816984152,0.0195291399633457,0.0121859890047782,0.00196580517848804,0.00437452303332426
4,0.0630630763824237,0.00403348295716931,0.00223860997315028,0.0288017222888264,0.214580503668359,0.0105316153385111,0.0232608289766381,0.00656657693128275,0.00340019510865465,0.00326303630417973,0.00775524971940935,0.0126513165244278,0.00391347238042516,0.00326734141687886,0.129461525149968,0.00746838124190965,0.0232472710971058,0.00186376640789947,0.00997794053081165,0.00537508931137139,0.00427670798681011,0.0585424164741127,0.0135086422550223,0.00190002454350965,0.000602902003807443,0.00964739573962492,0.0254702797082897,0.0197558586220394,0.00534696505348791,0.000201882348073449,0.00151616500951563,0.000559092817688108,0.000216648128319405,0.00324368813005749,0.00020112561704738,0.00219143223559576,0.01076645791583,0.0005864317618422,0.0112709668690353,0.00273108237200697,0.00863082399208349,0.0333640450941536,0.0173906626112352,0.0164328182256649,0.0406272047698702,0.0209576276634905,0.0703396448109317,0.0147517793293398,0.00311974953993782,0.0371284766621746
6,0.000926229619011036,0.00283614716373335,0.00103302040832004,0.000597397444492966,0.0839204038963239,0.0467308812332758,0.016290152495748,0.00812928245746616,0.00362783811240495,0.00159174533017602,0.0108356843709117,0.000582936802842661,0.00193140205591134,0.0344484876815072,0.27919769010254,0.000887924515848902,0.00186313162091022,0.0107975724412687,0.00578600165990726,0.000855000203365655,0.00194721051647526,0.101638368154232,0.0121971827135411,0.00119176228444299,0.0406006519214937,0.00119781887077466,0.0409478118212312,0.000470164885965053,0.0138518837675456,0.00132040549770201,0.00371749354800049,0.00181298331094308,0.00156895642720482,0.0097059165844499,0.00161303795867711,0.00657407249356402,0.00120276036060776,0.0011668578222309,0.00759442557974986,0.00305782685358793,0.00137189263865496,0.1124871076756,0.0180851150255124,0.0397342850007606,0.00122897474819107,0.010185786483578,0.047973582468522,0.000415037657758864,0.00103861790369619,0.00123307940933985
7,0.00280278778713533,0.00257491578488154,0.00123931147854651,0.00065549653189328,0.0383750547864256,0.00547843604337135,0.00107265620741878,0.0472318551370975,0.0191234643264473,0.00199069871429559,0.033370611257248,0.000470957286879694,0.00694935968403668,0.0085229464428402,0.0697602471276259,0.000749169971860103,0.00268767328285228,0.0018626150893265,0.0120586057650835,0.00134907958394099,0.00284529564680963,0.00696463961818771,0.0233196593740183,0.00268182637207346,0.00807567323804808,0.00254910672629339,0.00111635129933155,0.000406231769900297,0.0196057407544291,0.00174977411939868,0.00926731066807811,0.00544538215714508,0.00146062762784192,0.0197367692756885,0.524660750154705,0.0136681625174428,0.00151566847601155,0.00544219102133432,0.0116217747252846,0.00888519977358023,0.0026841559655616,0.0224407402168031,0.00288216527224038,0.0212822816798613,0.0015429686973475,0.0107431265001832,0.00459354641104518,0.000544287933426046,0.00120939406543303,0.00273325565329007
8,0.00556903617306771,0.00421663711432861,0.00432051224608602,0.0016061476403481,0.206284640189085,0.0236252629721308,0.00205212441920096,0.0342519532010974,0.00477714696110642,0.0112857265129569,0.0064159015694187,0.000713239698442034,0.00339123140960052,0.00456092941702152,0.172265210189107,0.00215301665677605,0.00807590603019221,0.00118359968068059,0.00705310498192354,0.003592300406955,0.0141413291275996,0.0647198045088303,0.0232487828826126,0.00101098301494089,0.00593100856617495,0.0129507767135322,0.00156586192032176,0.00377984594088784,0.031928284054939,0.000490224835071068,0.00351229100366192,0.00361304988829086,0.00162369698961086,0.00917675690114446,0.00116029579915691,0.00204803014773179,0.000959320289231893,0.00093109244058341,0.00766660929783405,0.00363148089033383,0.000521764488210822,0.0826198646748085,0.00736688231880212,0.0308300903729737,0.0049392983970174,0.0997858191136382,0.0472543517802624,0.00114142119898436,0.00510976225520312,0.0189475927180844
12,0.0414687972907598,0.00194390029103782,0.00330810101694758,0.00547825291659441,0.0989396080745029,0.00783208961780949,0.0251038292436378,0.0171641467010298,0.00413287938811881,0.0121276859623329,0.0220443942180174,0.00260909467750293,0.00893053487718163,0.00949467176824815,0.0857217923573817,0.182420424395343,0.0330987055343413,0.00161344518827639,0.0129827690080801,0.00183764204124658,0.00726534206653118,0.00722080343579712,0.00973148492818169,0.00438993102182899,0.00514421988133699,0.0307765998796842,0.0420574453193485,0.0051433890562513,0.0224509605625388,0.000896612015979532,0.00668715046544169,0.00556670469322525,0.00128534346003342,0.0138583219176728,0.00247372708640061,0.00278328594876336,0.0228905954889588,0.00310655253969798,0.00467824950522549,0.00443156829542753,0.00162985980195872,0.0217664446315053,0.0173266619089198,0.016920648396487,0.00943586645037043,0.0278195756553295,0.0153096472203345,0.00405768147980612,0.0024989540969098,0.102143608221663
13,0.0233745854062473,0.0011732984242982,0.0239609259140338,0.0178325052178497,0.163655766763124,0.0118412032492743,0.0281497252450449,0.0077229229509136,0.00264469256502449,0.0087947613172058,0.00384968733753348,0.0283143858599752,0.0024190178464316,0.00680653328627839,0.165033783026372,0.000815648776852666,0.131553382885644,0.00195903452646188,0.00379917318202321,0.00605987425176288,0.00225735532658695,0.02238028555993,0.0121547894332572,0.00171533197020433,0.00113496242707358,0.00564632021926895,0.0656925112745299,0.0125412445376563,0.00477568562705971,0.000574837870830086,0.00202341840762225,0.00444057349750593,0.000585070583685519,0.00758028364462715,0.000782408274940659,0.00415557697150732,0.0105876735364353,0.00282958972269991,0.00402062462458854,0.00329544991045775,0.000951530124839181,0.0402575108557034,0.0115728635650064,0.00978087922923409,0.0206768098216857,0.0278659572257952,0.0313049474770357,0.0195220879638125,0.000398114044903135,0.0287343982391665
14,0.0294943145021539,0.00101704148145603,0.00247058062292855,0.027007252141882,0.174965912754508,0.0142303519280255,0.0144195303803416,0.00530638817496538,0.00400350310969249,0.00317106665066107,0.00337328488376544,0.00491323062229895,0.00279306953478156,0.00552927827469248,0.132478026450665,0.000910995937467983,0.263148997582878,0.002281778023726,0.00540294132876435,0.00435757619934346,0.0128595841310089,0.0345264856983218,0.00411771983637887,0.00210450713870886,0.000885715336322539,0.00879214047986041,0.0189765261645406,0.0112162789347561,0.00543105181596196,0.00131023593538138,0.00110646930321739,0.00343575689575515,0.000521519042358405,0.00253790644291014,0.00106669468202996,0.00280300941916129,0.00171679702087392,0.000333596131532276,0.00579981526179667,0.00426695496177178,0.00172883100072611,0.0179728967309899,0.00727017512855468,0.00651886328532772,0.0463622429940061,0.0142879552182111,0.0318509416045635,0.00973721488657572,0.00145256169065439,0.0377344322427448
15,0.0030395732025083,0.00194976947200356,0.00103168373548817,0.00156760100922637,0.0313965497807837,0.013366417028211,0.00129828093379411,0.198691179412875,0.0151202282789958,0.00108084682754673,0.0215234662010094,0.00102612409766984,0.00773440009202394,0.0208600817251613,0.136008730646119,0.000470086000551154,0.00260738583185616,0.0027022147518955,0.0492244308123943,0.000475006228790397,0.00160811597111852,0.00265524632728698,0.0225008693989961,0.00256360370415394,0.0237997516928209,0.00208118147933788,0.00424514720420119,0.000201705615432316,0.0250243513079865,0.00127757067138322,0.0338970725228783,0.00163389673919564,0.00577119655300344,0.0532074485424573,0.00772734890566961,0.0254605454562341,0.0016305643070052,0.00781107900389381,0.00532550690871277,0.0122679583006557,0.0103788145166378,0.194038883471402,0.00095330296346969,0.0212498169853842,0.000791234602331404,0.00966466082232855,0.00468239954720743,0.000948230128533931,0.00231780571856973,0.00311063456280806
16,0.00171453631714106,0.00711682261538476,0.00156763441929091,0.000765539034144467,0.0740248544848043,0.0300346504660233,0.000525067498742857,0.0705183693534161,0.023681816554213,0.00226257108827492,0.00948475116281467,0.000332463996394648,0.00632872188704817,0.00726102459456736,0.0973684544676627,0.000946626711491516,0.00270752009903047,0.00458261515596689,0.0346658248601777,0.00272977446590632,0.00286959065260652,0.0168319821867707,0.0215600843765673,0.00569738413080278,0.01190085243394,0.00452511664372713,0.00106571185632314,0.00130651790101189,0.034476187233684,0.00646930585199278,0.011240698606128,0.00533801980183369,0.00456633702974489,0.0388734658513366,0.00503239683683643,0.0110042696503292,0.00074379828835639,0.00170106608401707,0.0100435052728341,0.0132023995140403,0.00719424797825466,0.224511270113447,0.00902445940757176,0.0630401565564614,0.00436077230204329,0.0716819342473132,0.0195557180060267,0.000342066130859464,0.00190326105528325,0.0113177847673598
19,0.00285899554137991,0.00736625602881201,0.00209488391030372,0.0016446145878613,0.101633542222333,0.0134422207562623,0.00322678442095171,0.0287740640496261,0.017257398080104,0.0166399208600931,0.0466452696419775,0.00141123756409049,0.0298979687248028,0.0050066891624932,0.181228680327933,0.00174464895479599,0.0041623893529172,0.00779487031534131,0.0176886083652694,0.00337372195469409,0.0252164988212846,0.0421582891227019,0.00801469345288435,0.00850273101153049,0.00951026473096443,0.0122939236423169,0.00379423277124036,0.00184453817226709,0.0318743376094103,0.00327826855338662,0.00798819066719463,0.00746371595197945,0.00429544101449917,0.0224412332181221,0.00515356972593684,0.03193224623979,0.00256796457683817,0.00822521030478278,0.0280094627949333,0.0192273987490812,0.0139003590963397,0.0474546550038614,0.0123672443892807,0.0501085656548611,0.00905718628386815,0.0140100642403869,0.0643196216505248,0.00125096037675047,0.00682820540380063,0.00301816194713901
21,0.000430249278168551,0.00381253191042815,0.000290791865324383,0.000291071391375939,0.0635746846849544,0.0203811584019125,0.000440090158420378,0.0805596850674443,0.00961595883094214,0.00167244186732897,0.0155611319542069,0.000250668409690161,0.00833846267574233,0.00898322787233849,0.0325629687813802,0.000234836687914565,0.0010199272137622,0.00463822867633357,0.0715646842323923,0.00109638443905585,0.00669506326781222,0.00610645217287307,0.00780173195730864,0.000849878718330423,0.00647337574245899,0.0050828786047897,0.000315130611274186,0.000149184530168871,0.0396727077511602,0.00161839736171661,0.00885841490515077,0.0039276900450789,0.00250700264351154,0.0774180222494224,0.00163688423314161,0.017934396936715,0.000791936959582486,0.0032058571539868,0.00538739751530699,0.00817991636070798,0.00988891788945914,0.372600761330145,0.00389467047386398,0.0533150209383705,0.000650511690544331,0.0167582334777022,0.0104693129641376,0.000105799620578489,0.000587675283181435,0.00179759221240417
22,0.00176509146352203,0.00436319513061438,0.000881876311437717,0.00110320680999824,0.073425369152247,0.0143303188726102,0.00190795798642109,0.0821890713487349,0.022484400951708,0.00276533898056744,0.0263588588311809,0.000861196393575648,0.0119906748137806,0.00747916947831401,0.294749375478143,0.00104124205211588,0.00299187868567531,0.00278127815220321,0.0193476458796999,0.0022943033899273,0.00281739642277034,0.0141213081621082,0.0556862729992539,0.00158017096104074,0.00897471961688195,0.00128876805734465,0.00112974918656424,0.000276009139380546,0.0148682978197998,0.00117320675457924,0.0177229598696126,0.00453619825073286,0.00167368158787857,0.0565195346336595,0.00902894537722188,0.0272120576592991,0.00193423696980197,0.00477237995050378,0.0120168701659477,0.0113220602081804,0.00272612355722797,0.0751640858448613,0.00403895797922347,0.0651139905641967,0.0013576662465138,0.0189186162792269,0.00598514961061513,0.000176866935588155,0.0020325875299816,0.000719681497526741
23,0.00094170114732508,0.00352694124080327,0.000497314424698964,0.000516511627114028,0.0921542491205214,0.00869581000456001,0.000618968442028144,0.0375161544191457,0.0105971540141592,0.00912252925555606,0.0160710002428809,0.00144508265778028,0.0104645177391383,0.0347763771259893,0.138532371103411,0.00869717523387293,0.00169515464601375,0.00090643429800275,0.0519748475768862,0.00373757807729931,0.260138533055822,0.0089726068000575,0.00679935919826697,0.00507597988605625,0.00377904568378022,0.00517105247597254,0.000919949567436982,0.00121354820396628,0.00517230146415163,0.00250912652092901,0.00621706886616576,0.00988985952337997,0.00181121422220979,0.0178245953853126,0.00150997836357042,0.0113716879751574,0.0038804263269761,0.00734574598602717,0.0160564114535092,0.00736851061386354,0.00382307005076519,0.054667187624993,0.00903551456717426,0.07756744602274,0.00184708508064209,0.021844577581095,0.0114783038564651,0.000439141136325567,0.0032090855185958,0.000573714591406586
25,0.00479797484605269,0.00235682272021541,0.000918862044612916,0.00181692110429109,0.132791201247389,0.0131884464602861,0.00177138988647175,0.0369695635939648,0.014932605573438,0.0101361537294647,0.010041303909026,0.000808000285381554,0.00841798305533593,0.022540527635595,0.189769063017715,0.000752252991965577,0.00546403379830757,0.00477602434141516,0.0161908651340415,0.000941276888875684,0.0303830238400876,0.064471696645864,0.025169761576234,0.00128949850006909,0.00419991693142136,0.00499210206188804,0.00272055338426456,0.000430246758154635,0.0339246643432611,0.000820633748732203,0.00678340223140699,0.00908153998465038,0.0022766064610151,0.045675997659956,0.000827665024886762,0.00571211387281133,0.00318172606592796,0.00495946151001426,0.0203742236363617,0.00751726181142821,0.00638034807928512,0.100692919371141,0.0182568892005846,0.0451739343989028,0.00304684591589231,0.0344533834227548,0.0326244070131059,0.000597902500148182,0.000537798151954766,0.00406220363395002
26,0.00560678209414216,0.00803158095904251,0.00045717783995833,0.000841172794320731,0.106644991612086,0.0184306620229571,0.000969325433862831,0.0529942670062038,0.0092653561335274,0.00611907984445846,0.0161165786532038,0.000505271709402149,0.0176980741482761,0.00570388358675158,0.152351363398643,0.0111423773484228,0.00304912603279231,0.00150623425670521,0.020071950061676,0.0027855007118006,0.0322262208884477,0.0851811759734933,0.0303686980942763,0.0127651810521346,0.00737073336088198,0.0100187736513933,0.00316961177724929,0.00112052908605581,0.0168151548332504,0.00166704569019102,0.00558844509909049,0.00685489232138727,0.00250935204013725,0.0237225031986425,0.00182769000578363,0.00524607901145235,0.0138804061938438,0.00487151031746905,0.0306188710251868,0.00575909326008433,0.00361247900879607,0.0828186549094637,0.0344484970607972,0.0713176186570871,0.00502793845212052,0.034319980740957,0.0200792669697392,0.000513460206854904,0.00207813551028538,0.00391124595521506
27,0.000301690952188769,0.0040518349131313,0.000303916066458001,0.000301926904705778,0.0343827513763102,0.058994110308076,0.000568310339694421,0.0954694816191921,0.0224161297010704,0.00113051336640252,0.016520735670447,0.000193978766686357,0.00660476019817823,0.00627353472599374,0.197048877484258,0.000383936887161527,0.0008336379415429,0.00314154683527812,0.0147002761774957,0.00332635172854137,0.00190394801023799,0.0029507688318523,0.0039070351786428,0.0058983338053299,0.0087619561931524,0.00102508063895374,0.000465403747393495,0.000165908292632944,0.00260280613725765,0.000986328902987673,0.00657565311486347,0.0144325578579244,0.208228935605727,0.0242457768810909,0.00141430382577463,0.0116175460079744,0.000488636826726902,0.00597656626774065,0.0079648156890988,0.0133582384207336,0.00654104529230283,0.114739919155438,0.00300940725580333,0.0699187823585553,0.000754799438346412,0.00617507900872405,0.00770638837933063,0.000115573945939543,0.000706238047595244,0.000413864919056187
29,0.00647739187584725,0.00295971710104757,0.000634883043112339,0.00110158254592778,0.0706206673591983,0.0125852571105729,0.00062834732846536,0.0840871341338591,0.0284440388652095,0.00285569542144668,0.0303241486994753,0.0015348074217254,0.0141180871762028,0.00908717945602385,0.2348466394557,0.000661627946429313,0.00288773868198403,0.00200845390124091,0.0465472150668678,0.00256325364838751,0.00174843751750835,0.00390311068266654,0.0513709819529134,0.000832549793778624,0.030527129221378,0.00157537924009531,0.00293180153918475,0.000522504626835975,0.0264789243505893,0.00732328828694095,0.0339279537566973,0.0099196429015992,0.00369794886953558,0.0716041603990192,0.00570345319897452,0.0171388918053937,0.000756116098848524,0.00520966246276667,0.00776508619131767,0.0119656701765519,0.0039258478369652,0.0988014092343151,0.00307602596069151,0.0221560798954697,0.00084999566227336,0.0122178149149362,0.00463307752692849,0.000244835760977307,0.00202567334733016,0.00219268054879375
30,0.00529409935242981,0.00496577492613954,0.00330357671263311,0.000280169355581397,0.0753579034892713,0.0156088735997966,0.00120134444195973,0.0371937787674393,0.00364936249773944,0.00158913611122789,0.0195703834225508,0.000273387557818774,0.016291785642025,0.00942543759932817,0.161442500340175,0.000864924429159885,0.00208190822509279,0.00221889399695676,0.0220158228416069,0.00284128940350646,0.0126940515568965,0.0761590067161497,0.0701868536174873,0.00333871178746686,0.00371925894182172,0.00418467037521154,0.00572414424638113,0.000516731872039262,0.0546947256850977,0.010510317426826,0.00921930045079606,0.00471818331810281,0.00225891088721496,0.0164254735985507,0.00527244480401579,0.0138077992539147,0.00126147870330333,0.00447631592565034,0.0147065192024945,0.0101099961466849,0.00830037337178333,0.123667937186881,0.00366972961569859,0.0908364944444683,0.00575494188562502,0.0220848036441937,0.0285895669166803,0.000194645682180655,0.00240685807753563,0.00503940194640917
32,0.00192033639798017,0.00636770092742313,0.00160823666280815,0.00153292662168589,0.0557944738310489,0.0115801785069113,0.00146849091970752,0.0825281293159933,0.0371983031183352,0.00824903749349321,0.0428633323840537,0.00092181004205442,0.0104534029108968,0.0110719380880362,0.177073001131395,0.00215666090848591,0.00482936458295234,0.0191014325158098,0.042098152444128,0.00386482431122069,0.00349523285125337,0.00764571081293666,0.0117983320168049,0.0141519507358802,0.0231214110341795,0.00288531828032903,0.00464410166402957,0.000905259423474651,0.0140945517672557,0.00672001625891763,0.0186589111361121,0.0117247199608593,0.0025114233405065,0.071988618370381,0.00393422688997621,0.0303746778493447,0.00242724690581119,0.00778665429614829,0.0162705758826543,0.0186059126509934,0.00757458932465098,0.102023442255542,0.00658621073660829,0.0433545382577191,0.00453832362555446,0.01952498555002,0.0112953184039427,0.00225670106573413,0.0036703842808764,0.0027489212570841
33,0.00314863026614866,0.00477339295674992,0.00192569092480351,0.00142930023876727,0.0649595332455052,0.0154564379816958,0.00342656257501915,0.0666385186901608,0.0242010743613717,0.00547184478733762,0.0233831733488889,0.00120582909229762,0.0077511123183653,0.00869467556364287,0.165503455944684,0.00174420454227454,0.00365598212113548,0.00708868626710042,0.0209869638632692,0.00328721335166165,0.00519196883809279,0.0180564419222803,0.0291179854475754,0.00277788716086868,0.0292157939709811,0.00627413979669704,0.00169009928798763,0.00146390290763946,0.0497904084312969,0.0046029877203657,0.0626261502201885,0.00961609140293088,0.00570150751995622,0.0517986182822251,0.00581331646313533,0.0210811543169131,0.00372976056132744,0.0136185412155999,0.00954197533257767,0.0200430322228949,0.005202780352028,0.118633284468578,0.00674656758279955,0.0337604544928772,0.00296993620775053,0.0223286955252133,0.0173420544159277,0.00108514678239816,0.00299812908936598,0.00244890562064796
34,0.0017710078117228,0.019972765439218,0.000120824217469205,6.98728487526683e-05,0.0776322116288032,0.0229363073736114,0.00010626784369688,0.101832820245045,0.00644126621985894,0.0025710143282834,0.00207030375029152,0.000161027880118237,0.00992257656875561,0.0053023870364938,0.189536574073885,0.000103853499829337,0.000945762997521047,0.00115216714146009,0.00701516693065373,0.00657280589625013,0.00983543405719615,0.0752867207320569,0.0281222799209092,0.00106803769416188,0.00604130278501914,0.00416396616417973,0.000163899635897498,5.49914638381727e-05,0.021694699985722,0.0040348661146461,0.00159858954574173,0.000283514816575536,0.0011421009297267,0.00730745823954225,0.000340818494312668,0.00280001074691386,0.00100010137990403,0.000605505329576176,0.00979989506434128,0.00925398120723531,0.000809123804471095,0.169310481835227,0.0245604238318082,0.0627764426845804,0.000209167239530153,0.0109957169292156,0.0857112930148875,4.8543668464903e-05,0.000208352649004179,0.00453529630359416
36,0.00131670277743977,0.00404431022506902,0.000706800758143424,0.00231904984283341,0.0779141394471759,0.0313579265404746,0.00235559369546372,0.0758556475901017,0.0131442533343196,0.00460390245078596,0.0126973162521369,0.00158394323086533,0.0248044126665116,0.00989096918611248,0.258079659957086,0.000666237423138744,0.00149584659540018,0.00585436781000779,0.0197450982601985,0.00538866940412795,0.001299184795808,0.00636194073305228,0.0112656546027175,0.00226440435856457,0.0182937784556011,0.00554302299406799,0.000625695931283044,0.000524932690815415,0.0346436098344686,0.00363239901896459,0.0668906716589189,0.00962559376382971,0.00435169166967728,0.0591010317310682,0.0060130526862426,0.0123161484162527,0.000904478749180706,0.00419233206882901,0.0116872467468531,0.0228039063857175,0.00315965637857619,0.0923516528885868,0.00314175833240151,0.0343415889723048,0.00318326548238079,0.0106893090048036,0.0106124067785782,0.000343692981046902,0.00449232569569314,0.00151871874632243
37,0.0160463535299052,0.00344786566656872,0.00577175399905142,0.0288548331249469,0.098891242496355,0.0290110725593014,0.0388055437878084,0.00986101847858532,0.00262220442637491,0.0186859973707436,0.00596186282837664,0.0082480074132528,0.00867669767207965,0.00348412885057216,0.0915303686200869,0.00248165966985803,0.0267020881260137,0.00186767319390436,0.00985564008144327,0.00124544464314036,0.0089759824791075,0.0163191417918647,0.0117405026294867,0.0627316974716938,0.00187718146918478,0.0226141675356785,0.0201467863555122,0.0348556151943602,0.0235077014062222,0.00214243885657378,0.0025982341379748,0.0100674292730951,0.00087187818070142,0.0063420144979499,0.00130626092856474,0.00385282188068035,0.0479787101067506,0.000687797362436409,0.0117462818383858,0.00394474892124011,0.000858315058015948,0.0223136405709391,0.0405231154552234,0.0141735924039976,0.0964417748059541,0.0323735640270681,0.0241002604589174,0.0509405280812975,0.0011608082009626,0.0107555520817919
38,0.00122852783317847,0.00370799234450354,0.000532310474320877,0.000763388765506117,0.0446789852699774,0.0836650228679864,0.00175021051417377,0.0681967399303166,0.0250382141966782,0.00556194199863271,0.0214785207953827,0.000425241978515745,0.0142248696110564,0.0117000508703006,0.17242893273416,0.00107711182446243,0.00224231666299078,0.00542517388045945,0.0202399019017743,0.00719937876224495,0.00921353308640909,0.00658285470043173,0.0217163493811386,0.0061798616148133,0.0359487760424673,0.0053508623580913,0.0018845809818432,0.000520145525369366,0.00927164227056565,0.127895843209242,0.0161668212807741,0.0269930900676994,0.00347281367239606,0.0324178461237178,0.00332700714217893,0.0262122938004284,0.0018156086442758,0.00524358863459531,0.00681271427904956,0.0146699974655325,0.00292752168194923,0.0742852085854062,0.00721412334534142,0.0275497413949571,0.00134333664007781,0.0171246351174984,0.013086056743795,0.000237198712469014,0.00159429844955354,0.00137681583131189
40,0.000739131230801173,0.0072129874798959,0.000826737143904954,0.000845860304668348,0.0620895402212012,0.0154708274779579,0.00110465277849247,0.0614222599625672,0.0137659771769285,0.00266660146791182,0.0130819618410637,0.00119701725144965,0.0039430921403347,0.0314906452812353,0.117138309415149,0.000711373243538481,0.00162150290294567,0.373433876554036,0.0135370443942022,0.00217567217221443,0.00261590484875019,0.00428952476012361,0.0042568992168923,0.00235010851181536,0.00742426508872946,0.00201323299795294,0.000787867109349532,0.0010233402151994,0.00492365073607446,0.00188044886435331,0.00539088828804283,0.0142798990879803,0.00335393695483757,0.0399827847746769,0.00223483051652639,0.0422388929829735,0.00106544061978186,0.00590752753246554,0.00546672614531479,0.022566535196577,0.00266509875768384,0.0446230344626581,0.0031930279875744,0.0233476098362793,0.00108267551781058,0.0109014800675008,0.0127359678479223,0.000421054243302669,0.00141577566612606,0.00108650072422586
42,0.0018380962040601,0.00540430425399633,0.00253175432342362,0.00167448860697157,0.0724989788350237,0.0238892720455974,0.000671791484770795,0.0585839760585019,0.0358721590086956,0.00425969013067963,0.0232835299306161,0.00105605862316386,0.00864170424955061,0.0187293555865368,0.182408453114595,0.00393175076414044,0.00544495749640321,0.00406238744439143,0.0192764768035611,0.0026389870989707,0.0363361441639881,0.0311194497506972,0.032396618083654,0.00646869497023466,0.00806531029249537,0.0113609140106315,0.0025078016573174,0.00131223060271675,0.00714604930204618,0.00289667869844866,0.00724365964093371,0.00877164790213441,0.00373803207026512,0.0222252725839099,0.00295979210919298,0.0202805628032081,0.00118178031195992,0.00805991087649919,0.0130620851321626,0.0243247647100253,0.0028192101292583,0.087461751902012,0.0123589999723542,0.0528652638176511,0.00330424328480788,0.0281781103904475,0.0336638232608872,0.00114174312767579,0.0458979223812995,0.00415335999743562
43,0.00177432145883637,0.00533282299246529,0.00163134292358215,0.00117816494685245,0.0600590097361206,0.0310567584506249,0.0023523284563635,0.0399255889761624,0.0116646919906344,0.00273408492723022,0.0244637006591749,0.000880620457624877,0.0164997772487957,0.00733619559832978,0.242438824492767,0.00156817954244352,0.0036412689554763,0.00381115911104293,0.0328216406908399,0.0860003934684097,0.0059690176501876,0.00511299208200054,0.0626625725111299,0.00394960308747304,0.0300529530097025,0.00324305805577636,0.00374981622421136,0.00138419886766784,0.00568094145386712,0.00544827690202738,0.0369321566218021,0.0144949568839357,0.00941845193576971,0.0240749487057952,0.00200927115766234,0.0194762333234265,0.00262383768309791,0.00467531474749054,0.00592368488200139,0.00760349675808679,0.014528303567597,0.0451372358011902,0.00875535149968145,0.0338159459466303,0.00317104374871524,0.0479402477249,0.00902861104530604,0.000769716862796555,0.00163627827787607,0.00356060789841784
45,0.0132164922053131,0.000467044323598606,0.558358711878982,0.00559389948097711,0.0354339102446066,0.0031187450108826,0.00268715394466735,0.00369831689712578,0.0018889758966118,0.00185466961417156,0.00259061088603221,0.162230323813771,0.00279649694429959,0.00648498338695587,0.0236905213550751,0.00086275914033695,0.04597250373618,0.000593460655698604,0.0021822555629031,0.00631308925785878,0.00577935435132212,0.00836970305582456,0.00591921507301243,0.0011563140353994,0.00117629590244565,0.00277471601998273,0.0394861545272472,0.000314984121449632,0.00188944080704283,0.000564065339829837,0.0012704710299884,0.00172112522451699,0.000678614781722829,0.00325706899473073,0.000595948887834079,0.00410176257856007,0.00330841744851924,0.000660976083640928,0.00229144242430944,0.00259981983343337,0.000599678310036471,0.00587033386538021,0.00205013515762586,0.00636809547859741,0.00136117183253521,0.00717613989894922,0.00334767507365124,0.00110995944417248,0.00193746016189999,0.00222853602029194
48,0.00108765894480262,0.0255695314952814,0.000546557622800473,0.00139472366963495,0.0453934120591709,0.00535939698513721,0.000272882423087534,0.15094303464791,0.0324059631375425,0.00126389025020843,0.0147698390346674,0.000476256609877175,0.00407638098755149,0.0192498503094015,0.192798165396774,0.000395698551182863,0.00174917813926398,0.00171674659013004,0.025958779358926,0.00116029181411858,0.00244315717173538,0.00319160665924997,0.0319039319796366,0.00194957953204527,0.0117812759220449,0.00181123656705393,0.000856225119849171,0.000158592478979069,0.00938109513088152,0.00215728485122309,0.0092222840533961,0.0044426552247876,0.00472755534336544,0.0255325108414119,0.00275019582183881,0.0199176402036462,0.000959616954011725,0.00618257791374314,0.00652017574491342,0.0152289622864789,0.143964042910677,0.0627807085298613,0.0028522762030536,0.0815324477170524,0.000726583980810357,0.0135920813970255,0.004372816560186,0.000184256076190074,0.00119198471417276,0.00109640408320984
49,0.00164708015108931,0.0131646725287931,0.000949585273539613,0.00129266401158192,0.060095309326574,0.027808362959376,0.00102323147811545,0.0813168201816522,0.0123897588730808,0.00507091747740569,0.0152054407352964,0.00110145422188582,0.00425595114112077,0.0137806076255095,0.188460723167242,0.000500931199525811,0.00111988890847556,0.00742436089106293,0.0438803952693515,0.00206137499832528,0.00324054480752625,0.00723830302892406,0.0155038527463723,0.00279489876603053,0.026344766742212,0.00242371582517312,0.000679999302145041,0.000759797647222421,0.0262546035342256,0.00553286542570425,0.0114675675824204,0.00451967197430913,0.00598404827202423,0.0616259036094988,0.00226515366349712,0.0132881634746999,0.00128739657882403,0.00493801961616819,0.0111431329803266,0.0104853771238595,0.00422501313379576,0.156334199152794,0.00391353733151206,0.08316574087926,0.00153432708501056,0.0277034613480886,0.0170807709201844,0.000645618094103457,0.00401220998899002,0.00105780894609459
50,0.0106600412030183,0.000409492083790514,0.000468798438460529,0.00157192717313446,0.147203164789477,0.0186238482144424,0.00045293978276906,0.0156909282744039,0.00775340661150634,0.0242115529151503,0.00793463437385097,0.000760415749440557,0.00706254965138927,0.00726523864459594,0.25091166909575,0.000261708326151884,0.00713248959284648,0.00337403193144467,0.00553955478905288,0.000926983941171328,0.00777163761037234,0.00975243943268458,0.0130945313257121,0.00175593662921116,0.001964581650822,0.00242091076684804,0.000319339329105261,0.00131245742402581,0.238071363605264,0.0023258677097605,0.00587384129537977,0.0177627667983357,0.000949495402184958,0.0153720343505722,0.00060318327936719,0.00684798036710245,0.00212607482143904,0.00202407229442396,0.0077749649364777,0.00433277421306684,0.00269180909813375,0.0619645920232907,0.0030707204887973,0.02244856615676,0.00358182817506645,0.0233909605219105,0.0179375667226512,0.00034072915710267,0.00246156226983489,0.00144003656245003
51,0.00502398799914122,0.00112655581379747,0.00108005899793598,0.00552377820604339,0.0703091451021907,0.0111153000423882,0.00153830192150478,0.089237014049415,0.0439126441246717,0.00312841774476954,0.0102086921429227,0.0045645366411635,0.00180877762485527,0.0344092906405495,0.210273620515922,0.000387814080183549,0.00162847248345023,0.00461882174369119,0.0142482212477444,0.00572925300189992,0.00421111466330946,0.00476381145875541,0.0445963048117288,0.000520519690456834,0.0126975194130657,0.00219878774134589,0.000833468296032547,0.00071415341029438,0.0295777075105445,0.00380376332774258,0.0138170701518973,0.00818784578714431,0.00166006671881582,0.115713624337097,0.000958290689827034,0.0143160389975076,0.000725461964457267,0.0021334718719276,0.00431968093625829,0.0252653534722786,0.00587926681414429,0.129292691821964,0.00297641448544873,0.0234163931857212,0.00077969553976268,0.0171189169985546,0.00604892275206891,0.000696808370410616,0.000755017519858976,0.00214911313733896
52,0.000326988522100926,0.00700675122565759,0.000358853217891329,0.000263662282433734,0.05799683347244,0.110860865603686,0.000271920252389498,0.0835660169578596,0.0121927414724262,0.00175574894942571,0.0256448957791791,0.000215855830135035,0.0147290939395203,0.0119299322069876,0.166146242411115,0.000333339304785686,0.000831715911083829,0.00482877913391527,0.0965011427769233,0.00281875225258494,0.00185109982296334,0.00552579115039824,0.00693116719970886,0.0068195022947454,0.0191634993456543,0.000949702815641643,0.00061071727770118,0.000133961372058619,0.00749810008089093,0.00273107091164319,0.0155122665442633,0.00245041454235345,0.00211322467336486,0.0720454283890002,0.00199164567711201,0.0125285409960469,0.000893057235591548,0.00849643537635987,0.00770116015836991,0.0184056443857461,0.00101938294565065,0.0941796595747776,0.0023672377507175,0.0860930288193522,0.000750726976768982,0.0147285532875605,0.00588262738775647,0.000123500268542968,0.0010515645976008,0.000871156639118363
53,0.00314587057311106,0.00847946264079127,0.00117699145229082,0.00425726499663688,0.0785890293223659,0.019559408229196,0.00448411008014095,0.0548523210984927,0.0189895375707835,0.0084729278214077,0.0234615422587294,0.00203174458142509,0.012586389777606,0.0150505220865786,0.154099026058145,0.0010595800031831,0.00366443260838023,0.0187768879786527,0.0254716514334295,0.00557559796756508,0.00399593839004544,0.00879294796783012,0.0289003325055825,0.0259492987840155,0.0225562773420846,0.00386410149338503,0.0025260775361482,0.000881133848985913,0.0206038437264664,0.00575233188565614,0.0176422555414329,0.0221128077752389,0.00392871867719114,0.121974793470736,0.00330372272173834,0.0219235044971472,0.00445190326398535,0.00590494685837328,0.0204600024704933,0.0263251027469885,0.00526669654279748,0.0716855619853485,0.0107846019092372,0.0265586127166669,0.00432304559535562,0.021123975678053,0.0191753217178972,0.00141627050040792,0.00238297490898514,0.00164859840281489
54,0.00773842016759947,0.0844149592581998,0.000484758505441966,0.000324812222790934,0.0738389876013758,0.0209530479203853,0.00282095697848444,0.0753362951912763,0.0172899504478934,0.118323412566677,0.0243449236284547,0.000415867121017444,0.00620561703178978,0.0113201502739383,0.122026487691444,0.000683594610787369,0.00566311642766271,0.0110022333265369,0.0285395238635179,0.00460029854110882,0.00511497135199461,0.00925836236171691,0.0141938961451347,0.00447498157437493,0.0107339703814296,0.00471976030090903,0.000704903941293163,0.00230240549435275,0.0183747990599189,0.0048542136892983,0.0130539323409782,0.00660470058688469,0.00296463061018716,0.0228626819201778,0.00174585594110548,0.00323877925143973,0.000873018239085656,0.0120764201035346,0.00201597871765138,0.00934693753594867,0.00993340266530864,0.0542673598278132,0.0262870718065798,0.0856116521945293,0.0025543849106304,0.0344111742586964,0.0166804279506483,0.000194761916663887,0.000793497321769796,0.00342365422356188
56,0.0051792224671844,0.00655943576855345,0.00121937169668228,0.000984625304231301,0.0695438297848601,0.0212479645416336,0.000779347338554779,0.110561057611984,0.016962836911943,0.00595913715471969,0.0225395393253442,0.000441383217735854,0.0161443124343957,0.00418962901689512,0.167709020382236,0.00217518021391068,0.00264548139912228,0.00666471608748585,0.0218073800368197,0.00129302235182866,0.0019373898416698,0.0181547575420651,0.0376223966226062,0.0255083621851305,0.0352314437966974,0.000857968906538883,0.00185546474661845,0.00108459043240499,0.0217569770876845,0.00571555090408977,0.016413577223969,0.006247943551228,0.00507912892450931,0.0606060697986448,0.00523651780829965,0.0181834558737257,0.00676544023057949,0.0041786626955517,0.016658383745149,0.013236287768712,0.00209154218940908,0.0869390745334256,0.00806744393972469,0.060092008009718,0.00239793683842651,0.0348277472216073,0.0113166712496567,0.000591894454073052,0.00366459504233712,0.0030742237896271
57,0.00193799012861387,0.00504483266025745,0.00114438285663691,0.000680592947332909,0.0635931093872883,0.0105891229124322,0.001292349988024,0.0846489605798149,0.0164412999986077,0.0178788156897194,0.0240987428192709,0.000440503824185486,0.0136683650513834,0.00659031765986351,0.159837445745609,0.00111727905117631,0.00268355842864549,0.0056476283215544,0.0345420321940071,0.00287088075820771,0.0234235794264123,0.0156914472942072,0.0126116669010896,0.00658555379605082,0.0206580090489801,0.0048524901641926,0.0012665402953391,0.000755207764283813,0.0191451180483048,0.00531666622010353,0.0144890426964306,0.00450966535215429,0.00413151378642855,0.0301882550495805,0.00458405564765586,0.0250477046591441,0.00630589689161596,0.00697170360230587,0.0233316754803592,0.0473975599311328,0.00950961996067923,0.131130146616433,0.00697430839892762,0.078053299426655,0.00273175753978595,0.0177958756379566,0.0169444063840877,0.000443202294407574,0.00157083512390148,0.00283498555876327
58,0.00369449530818656,0.006467800552747,0.000947808923775121,0.000698622649920797,0.0873365092792361,0.0170503023577113,0.00139489637995089,0.0801837188098936,0.0260464380532334,0.00319105301925242,0.0338705486779707,0.000300878907399119,0.0135116509141574,0.0122857212090779,0.224118532943448,0.000490544458503063,0.00376675478381297,0.00260242260566015,0.052319876016362,0.00150963466646826,0.00344681795526355,0.0187283578283403,0.039481914100776,0.0014969220035802,0.0149342652051679,0.00351193342343906,0.00223428228289619,0.000176370520310055,0.0368361070050432,0.00255901965091997,0.0138717023573903,0.00800489874559131,0.00258931621955836,0.0329568181992737,0.00235522009231877,0.0145681168169871,0.00268525658042093,0.00547025285603726,0.0197126712084574,0.0140771264646137,0.00221238093786296,0.0857897477436209,0.00679164690370637,0.0432251196868257,0.000741012411585361,0.0397301614474292,0.0078621061871482,0.000271539938983005,0.000506835027211596,0.00138386968247516
59,0.00370341577005616,0.0379728190548777,0.000745837175055384,0.00043131889631352,0.0442838029110382,0.015343264825479,0.0011454482740697,0.0993585801165941,0.0108606013045775,0.00529230236529035,0.0257186002216187,0.000420878362872858,0.00644893527697207,0.00753574611492239,0.162167222991401,0.000641078440686524,0.0014693233519406,0.00608174108378537,0.0283367664492121,0.00364469314846597,0.00265766780840216,0.00610319749599285,0.0244662193168249,0.00147019464285264,0.0796108885248334,0.00460878333139221,0.00154391086647992,0.00181605942304684,0.0235132086593105,0.00505679229700618,0.0129809258731666,0.00365042810160768,0.00752409705989086,0.043612344481337,0.00318250989441144,0.0138419280249104,0.00137296483544215,0.00622541629554555,0.00377325513870749,0.00986939064248187,0.00665528260302269,0.115300419471571,0.0119251690524454,0.0836803398531283,0.00149206488900893,0.0391822040121997,0.0200836887563005,0.000299655758696854,0.00169890409037237,0.00119971266438301
60,0.00741952251225182,0.0020028387340356,0.00165061623479846,0.00599719504229444,0.0819618316926397,0.0188813364087921,0.00297128614000253,0.0675527952787251,0.0126050727069032,0.00296023592964812,0.0272044253443045,0.001195556284276,0.0126244393082349,0.00649959071583089,0.188276726637622,0.0027970570477421,0.00459570102040658,0.00206776760499973,0.0262432782938435,0.00311775670976714,0.00508203860295587,0.014494267496475,0.0135133496582471,0.00206969955787259,0.0233132847777741,0.00410759082508595,0.00130130592933819,0.00294863801506149,0.0101575262068854,0.00116421133036172,0.0165099769090083,0.00616364812330553,0.00166408655622612,0.0146652812755891,0.00299360585355909,0.0135320182890765,0.00185643326911662,0.00354598616983449,0.0183589843903364,0.0137592037407498,0.00253276083270185,0.0533631248898257,0.0148981487957851,0.0235605136950745,0.0144897166731692,0.0302156054692901,0.0363985297411008,0.0070322267057013,0.163845569715486,0.00383763685788753
61,0.000926456319605172,0.00987491621693348,0.000740961936118982,0.000567783390497553,0.0393911051577081,0.0107235026164536,0.00149051861999074,0.163477780048903,0.0191102886463844,0.00204842763438577,0.0482658196301823,0.000778104752457172,0.00461284496965178,0.00756316553681484,0.227684818762411,0.000933144348536737,0.00183171090416937,0.0028210452869808,0.0245060060716313,0.00173057208430329,0.00202989886871211,0.00376820932351196,0.0162270605054128,0.00284818849153078,0.032757538305381,0.000818268923144788,0.00108055050840869,0.000822562908307838,0.0216329685290039,0.00128107485168099,0.0733470238737708,0.00303810645798979,0.00553481679110759,0.0589058404199187,0.00341580475703514,0.0181309834250892,0.00142163681991673,0.0122690114608839,0.00579336078937991,0.0179498351404173,0.00178889797911805,0.082274116887879,0.00296568272061336,0.0352318356338467,0.000806859214536941,0.0163015789293626,0.00490477801013565,0.00101243307892499,0.000970955715547743,0.00159114774531111
62,0.00477294878254472,0.00660445600038197,0.00138144228958863,0.000498723647319659,0.116355704925384,0.0416360031960071,0.000611950543905306,0.0224109080117734,0.00878541245189395,0.00899117763136296,0.0234016401752378,0.000470731658980001,0.0471369187862973,0.00266190286306111,0.199161104150147,0.00109336166756604,0.00126625587506811,0.00154775528145483,0.0132276322851328,0.00165686113264314,0.0144155963029569,0.05813988204535,0.0143052862178081,0.00907586922151131,0.00555399993842676,0.00640991107931938,0.000360011796519274,0.000157670700925584,0.017034943654678,0.000584344913451515,0.0101001274467362,0.00380590777206762,0.0122928055862178,0.00666471103134909,0.00102456634246168,0.00372336181828932,0.00353291449573864,0.000556089253040071,0.0170468342865486,0.00402314522886016,0.00187039188914096,0.136382705060842,0.0336159244061307,0.0504993334193569,0.000970672709949919,0.0277124895870247,0.0508127460908197,0.00172736772584396,0.00176360424116997,0.00216389438171617
63,0.00141002094963779,0.0320000510625029,0.000451563694146239,0.00022227424932181,0.0463907590209145,0.0532135956119808,0.000255875748242763,0.0974453346984545,0.0138435264656154,0.00339225431119266,0.0282195904759767,0.000149131485945875,0.00868593157034804,0.0054376876567531,0.230164122057757,0.000472659086165568,0.00288069302711707,0.000711092127641035,0.045071514114914,0.00179374521482825,0.00103919228160552,0.00809011348490108,0.0322860447287712,0.00234480355367901,0.0157506414717901,0.00090239530097028,0.00085951019147981,0.000141686293633389,0.0305590896118863,0.00312997516554235,0.0224671980171033,0.00658204739622807,0.00477043748420713,0.0496522505801014,0.00119741350975349,0.0103585117751327,0.0015692076117157,0.00955421205569549,0.0089473279335058,0.00592995278790214,0.00343477262330233,0.0889459419100604,0.0140644439384619,0.0493292212760664,0.00058893594671243,0.0479809459904265,0.0056383239116321,0.000106178203749096,0.000655748664475726,0.000912053670052929
64,0.00207088321183492,0.00927151858302292,0.00285972644141175,0.00142975959124962,0.108923712518906,0.0133182746209094,0.000453459786243956,0.0392935538414562,0.00724883291727452,0.00444564370014895,0.00941192017536804,0.000460522782422388,0.0106348024837508,0.00842233202437847,0.131799860959811,0.00046504004055602,0.00860153869631077,0.000981136526405756,0.00672659181780744,0.00098340063907871,0.029416462752673,0.112598586021611,0.0365761330747807,0.00557759986351923,0.00531103386384673,0.0221395054551634,0.00289560322726186,0.00035707770573657,0.00619333090514487,0.000626323925184516,0.00153129108400363,0.00979682242444691,0.00362857091760629,0.0126769699821572,0.00144403407273041,0.00486243374541226,0.00325648569066149,0.00114926149765948,0.0162117239315884,0.0126839902664862,0.000627904991579605,0.132924389827175,0.0379639311294961,0.0622285612745022,0.00166779289616222,0.0351754455094213,0.0526018916021488,7.37543736993697e-05,0.00371324540973173,0.0162873312200612
