"blogid","neurodiversity_cure_persons","video_show_movie","vaccine_vaccines_thimerosal","thank_words_miles","beauty_thomas_day","research_university_conference","back_bike_went","store_paper_house","dog_cat_animals","child_children_parents","know_girl_mama","book_read_reading","words_language_use","got_told_time","school_education_students","day_mom_family","time_get_know","genetic_research_environmental","brain_immune_cells","time_know_things","children_aba_treatment","christmas_music_joy","doctor_hospital_pain","church_country_war","kids_special_down","water_trip_car","wakefield_mmr_court","care_disabilities_disability","night_sleep_day","life_love_day","hair_fluffy_white","mercury_chelation_lead","red_blue_phone","post_blog_read","see_research_paper","children_canada_government","food_eat_eating","feeling_sad_tears","people_person_human","study_children_data","little_today_kids","science_article_david","should_point_fact","school_day_kids","research_services_committee","little_down_room","disorder_spectrum_disorders","money_work_job","community_speaks_awareness","police_story_news"
1,0.00142525225836828,0.0095938335760147,0.00181684032058356,0.00237180602175653,0.279425720145608,0.00508382241363773,0.00226615925516431,0.0280233769487573,0.0133141112468939,0.00941622024773259,0.00458564432434278,0.00766987961141266,0.00692428727389581,0.0440466396416175,0.00448397517026409,0.019800082240235,0.176419065162051,0.00170904788288142,0.00175123672747511,0.00877948388055439,0.00141679814742479,0.010972357992871,0.0156636690922614,0.0193787202268639,0.00205729167947978,0.0304620563725702,0.00101742664698609,0.00467127168982593,0.0246147178428419,0.031685197718524,0.0158710125889925,0.00164952347468015,0.00405109079369174,0.0101348080570555,0.00189390024222677,0.00492874765840062,0.0213700231559916,0.0158769434628664,0.0111731813218877,0.00389443684642607,0.00739933435984431,0.00491693663119407,0.0498854371945347,0.00871905881821505,0.00258596011284387,0.0336387555460244,0.00155648213761096,0.0110396805285757,0.00329627195568773,0.0152724233543536
2,0.000816405951414242,0.00780593875521019,0.000281107030452611,0.00133544069588245,0.0023390374936372,0.0027303597573601,0.0022647231451905,0.0143522778382791,0.00427165988182701,0.00792127597980515,0.208790391473889,0.00610627239702105,0.00924087989925537,0.0904677369008884,0.00411890638787776,0.0193501966737115,0.147008257234216,0.0003399813046073,0.000375692036841661,0.062613702178896,0.00151440455674265,0.00749227379305604,0.00418849565695294,0.00567570325116946,0.00131985707202043,0.0161964707548042,0.000307714665976385,0.00155665329004454,0.00952814853453771,0.0590805202344384,0.0115335731460477,0.000242104486348958,0.00208039987533047,0.0199296159540481,0.000331791029919654,0.000534963013860353,0.00834366839826746,0.0294316637220754,0.0250007772411125,0.00112350765861688,0.00769188492141582,0.00204639294852619,0.0574193729726495,0.0163860380723758,0.00503194916875754,0.084169721205872,0.00206273770646236,0.00426317682098176,0.0173912440674839,0.00559493276384159
3,0.00188742850810013,0.0109459148745781,0.147292455923015,0.00175868000961433,0.00193115182898933,0.0389506462292033,0.00143977064366731,0.0068838939096121,0.0031183039643137,0.0213795393613618,0.00338992020408028,0.00568214845569039,0.00675422144480683,0.043465707611301,0.00576502706635163,0.0180326165994426,0.119697903006086,0.0128291099797988,0.0243275454411536,0.0147154848409981,0.0108368069763433,0.00285814383037455,0.015764602520611,0.0128661258675298,0.00341955444581448,0.00945298474228626,0.0149981809190574,0.003588114670269,0.0085434502868707,0.0241090543069074,0.00415364316201264,0.0368829248723989,0.00376526301923172,0.0197587130657278,0.00551511068355766,0.00398305588510387,0.00753547044224775,0.00782034657424337,0.00934272603065493,0.0261580763405613,0.00581600257085649,0.0460621473088268,0.0909518248196941,0.00933780755308759,0.0381690535915902,0.0206593452919577,0.00716636255646765,0.0204571366825397,0.0250093815474127,0.0147711195335993
4,0.0293996460443383,0.00329576332614863,0.0166227627382534,0.000738880752540234,0.00219463353389665,0.0106807476398825,0.000504475676394972,0.00444515326118952,0.00270009894343074,0.0200728285917618,0.00161756722809767,0.00554277417459668,0.0210122567122581,0.00915176815483706,0.00483004876543698,0.00304504297820219,0.151633969146964,0.00883524447694162,0.0285840569315658,0.010095437844808,0.06236263253423,0.00226295386235788,0.00270858324178889,0.0163075236430187,0.000825721857278568,0.00845925146611426,0.0233338749002081,0.0030170621245144,0.00289651707242931,0.019003094973664,0.00379969156165395,0.033968623563414,0.000391352326348941,0.0112187714079263,0.00213360675277274,0.0112362459990009,0.00165137190443209,0.0061042319983185,0.075326011412637,0.0185539764321368,0.00479158103652055,0.0782078581354689,0.20411031460597,0.00371895295901551,0.00335349448429921,0.00483677763203126,0.0213342569443162,0.00698527144443851,0.0208655356303416,0.0112317011718088
7,0.00121344611939824,0.00771189978691531,0.00102266460350328,0.000941861711499066,0.00148504167636934,0.00409621355548544,0.518261175326484,0.0185995915584134,0.00444812698895137,0.00789053314300845,0.00206612168900269,0.00791193359919514,0.0219628268643045,0.0251507433848336,0.00762724922780583,0.0129853161337329,0.0714390234098627,0.00114944928240294,0.000597065484214437,0.013022564608217,0.00299035021839436,0.00811238822995108,0.00822552873669554,0.00370317057593114,0.00182100547067202,0.0326030445159442,0.00069799935239995,0.00165716445638698,0.0140860402861635,0.0166297554798303,0.0091047627471921,0.000591632095057794,0.00139170939386501,0.0067981557484153,0.000765237576682834,0.000884285436948728,0.0136310497909297,0.0122208492808964,0.00581557433857621,0.00244354631979792,0.00312647103853922,0.00202571918275824,0.0392950254653023,0.0214993246745878,0.00146868996121745,0.0478326672884816,0.00277054461621321,0.00338213560740617,0.00250226008744194,0.00234106387372083
8,0.00127401144911366,0.00513075838005924,0.00123004212934103,0.00089231953987917,0.00619464455001933,0.000641077887205131,0.000437948947295912,0.00444614034737195,0.00209445965127663,0.0712716571890277,0.00438456054905662,0.0064217252558135,0.0212249018042632,0.0435868968873983,0.0273521498291589,0.00757466593117604,0.192364678898383,0.00347679435716365,0.000147107809136569,0.072077925203705,0.00812089134864633,0.000785176198973015,0.00494666792858927,0.00111297864579978,0.00131403109010508,0.00565917181473195,0.00345262070074992,0.00707643509393466,0.00613070833803715,0.0225187391318625,0.0023936914798633,0.00063789705544758,0.0015853125062857,0.029331040103792,0.002407986374136,0.00599149215549308,0.00207295137567485,0.0164247993400588,0.0813273055210655,0.00628946804487821,0.00282315522529902,0.00945348840339088,0.20483406104587,0.013584259246627,0.00322908953336943,0.022410361800869,0.0266932481911212,0.0129401908952015,0.00828632321877011,0.0139419915955126
12,0.0324902126102965,0.00828030585932689,0.0232554277350226,0.000952357528727007,0.00185157551330434,0.0239180616526384,0.00397041906791421,0.00473966761571681,0.00160726628484135,0.0241035892646234,0.00186877093154101,0.00483575109240581,0.00753922153087354,0.0216840070407765,0.0199776616189012,0.0194488660189645,0.0762939653484375,0.0327881867262088,0.0135957691278835,0.0142388888286608,0.0450525387892811,0.0026485647691821,0.00923338956315039,0.00420929905471887,0.00163562719641605,0.0216006089498423,0.00561549456053691,0.00510784649887042,0.00629379006637133,0.0173367231616373,0.00430555619139143,0.00434892372391854,0.00159736414164186,0.0106893123688023,0.00183288672227662,0.179219171024454,0.00290277344714778,0.00782105696680251,0.0130244064700883,0.0269225225464163,0.00277110795776039,0.0185090791310857,0.101376050164495,0.0103759841597988,0.0148053092724541,0.0144440037580789,0.0739250848875692,0.00680964341270188,0.018883589564501,0.0292623200815434
13,0.0186155939887254,0.00261083023229608,0.0323244434829004,0.000878204239888869,0.000494911763396565,0.00739824683027566,0.00041108198834321,0.00312311593177641,0.000935788528756905,0.0177901726746155,0.00165999857361781,0.00346334972734436,0.0131529636605846,0.0190406021215681,0.00390574569589042,0.00523522596274822,0.180994220895302,0.0546942362879819,0.0363283954356747,0.016433667920716,0.0329569070208414,0.000990157179751315,0.00719492536374304,0.00227169912738144,0.00139898786371621,0.00403683379405757,0.0213823568015823,0.00119136286458219,0.00623974783935796,0.00773589555412634,0.00273986192299911,0.0157915421963712,0.000860544542371209,0.0157481570829078,0.0287550326587649,0.0013970483520021,0.00497507990411355,0.00407564896535083,0.0323761027263287,0.12345702858503,0.00247226993571815,0.0384706353656945,0.153414717432405,0.00211662403207727,0.00893021631916723,0.00589052431824598,0.0264032120562746,0.0073290775718124,0.013504029324431,0.00640297735639137
14,0.0371796109491637,0.00203393856080239,0.00920339136053032,0.000397198734109405,0.00103611612351368,0.00471838493038596,0.00178939200884541,0.00455347115864174,0.00182550642746562,0.0137846326586853,0.000836724984317085,0.00462406097443054,0.00564561220120713,0.0139001464298722,0.00361143993859065,0.00438107145241563,0.129679128771868,0.0192032038697645,0.00334467279327349,0.00894673956503375,0.0347369805566544,0.00064446393414274,0.00655749054989154,0.00638869451932884,0.00153301297671462,0.00423446192980709,0.016371201776945,0.00621652689048519,0.00255109516832387,0.00602027795388174,0.00167010084343001,0.0258442382512891,0.000477558971192099,0.0208512120316865,0.00397314285321808,0.00113253242013619,0.00227733095834546,0.00307120916342159,0.0426109447288046,0.252340999539375,0.00169880524767869,0.0655079610839964,0.156635689311573,0.00164012643380227,0.0010362089948171,0.00392090041789829,0.0334846741810519,0.00812011020777937,0.00611910640233841,0.0116384978090746
15,0.000737938655582695,0.00980790207498534,0.000864439964588476,0.002137685139239,0.00370392827581681,0.00172115604145539,0.0040179480093651,0.0154142032443666,0.00449659006017887,0.00552475329751776,0.00407959704698853,0.0055661249640947,0.0156635567682824,0.0907504739348857,0.00219654721752669,0.152753826447865,0.230808745464525,0.000371822699580586,0.00449266165044131,0.0175173002740763,0.00323544056433081,0.0034450170821396,0.019549922002624,0.00428794833949575,0.00139087320161044,0.0256470460174873,0.00068827606460562,0.000963126821813565,0.0167942333865964,0.0238151751448511,0.00713254501720079,0.00125368553150287,0.00991337033559878,0.0154861680930758,0.000621405545567226,0.00145997930900169,0.0227445357442074,0.0272333728132329,0.0040958300475778,0.00235590045869971,0.0145305478766671,0.00131137357820181,0.0340215566504377,0.0418305909874924,0.000858281600556016,0.133497721507899,0.00264474913938721,0.00285880032048807,0.00108940268142869,0.0026159229048611
16,0.00441991661537009,0.0107514684272617,0.000436160229611741,0.00312331730970549,0.00654587287602064,0.00952885152433846,0.0103404572128791,0.0159434161127041,0.0165331689830257,0.0152750218690911,0.0161284477148147,0.0357159053278453,0.021628894284236,0.0746233526765269,0.0177146261080597,0.0416628691299258,0.135183212664676,0.00255345550395558,0.00367736584315214,0.0361168117809873,0.00417515048669738,0.0102773602334487,0.0133222757202481,0.00925511040524978,0.00419859049439636,0.0420573515251561,0.00215577590402465,0.0045133034313845,0.0164561804249454,0.035433092341505,0.0221035656899003,0.00251926782166095,0.00941582406190967,0.0200426939418077,0.00104946989791674,0.00193207536744029,0.0114015401710415,0.0235125481879017,0.0239085796052103,0.00514442923178359,0.00731527419098486,0.00455127649533644,0.0814780805719813,0.0680080865196515,0.00929843485660867,0.0264662043544647,0.0249908740341031,0.0169612799574115,0.008876442913761,0.0112772689678808
19,0.00196949677738424,0.013419245057995,0.000795165451256349,0.00517398243224601,0.0021253077390464,0.00455611118837052,0.00568522289943558,0.0416298398765037,0.00512557862448471,0.0137108282328008,0.0095977445380607,0.0233243827993635,0.00647371437345406,0.0842365975763002,0.0058203344509061,0.0656009234559762,0.225031957183427,0.0010146382653907,0.00094000623433783,0.0246067548436363,0.00101631108193391,0.0108791120537048,0.00787599316792204,0.0129596272399302,0.00509612701542268,0.0219412241368736,0.000938812889987448,0.00502554709778011,0.0273596518857625,0.097178543055527,0.0111065422132298,0.000572437122438987,0.00700216200016528,0.0338205805774798,0.000827382031687938,0.000792163159091709,0.0198456472450068,0.0133383143286798,0.0114164669854271,0.0014532936877771,0.0167266562993066,0.00245943416317614,0.0661712403785822,0.0233981258470239,0.00159097844956772,0.0401669971377033,0.00210507496527922,0.00829740956583167,0.00571319641898048,0.00208711579834367
21,0.00312139259279936,0.0113543963072724,0.00626487434783547,0.000938205617599398,0.00341497323760655,0.00826407937893494,0.00532920129531529,0.0117808950174285,0.00927883744225792,0.019655866703262,0.00170008633074036,0.00720011390378423,0.0116353182142481,0.0635525137108998,0.0218560746262497,0.0317202689436158,0.204265785316495,0.0030732236748285,0.00240075834263749,0.0149052386584305,0.00734016228420693,0.00701096870859015,0.0140758646127978,0.00900312975108578,0.00420311652666033,0.0272573788634841,0.00607268586946047,0.00506815371000296,0.010684631068874,0.0139955285334214,0.00713053754996773,0.00763719585306949,0.00332226013847381,0.0146905434427294,0.000843522754191244,0.00167453260942795,0.00741693382024031,0.0103594021493599,0.0389932423330941,0.00535890167211002,0.00619538975050588,0.0160736421720102,0.115593879763746,0.0874240917505786,0.0146492977651045,0.0238586933134876,0.00476931697122363,0.0141900072561126,0.0208818161356834,0.052513069208059
22,0.000465143400995041,0.00714457905898929,0.000314988176856314,0.00179785916526619,0.000533359263424826,0.00101174014679337,0.00154436792622092,0.00610786931044789,0.00177387779844632,0.00895249440381655,0.0021479851027857,0.00443783198802011,0.00478788694170855,0.0331161893049237,0.0121231973689638,0.0477082512186269,0.273513795264675,0.000316580931271942,0.00015012758003409,0.0355697447124605,0.000536955840740139,0.00375584509329964,0.00719158402564301,0.00328282537153321,0.00168879678022288,0.0145768996134116,0.0001568223294061,0.00173346881878372,0.0234207191783844,0.0503191648267049,0.00637197153503385,0.000451548816448745,0.236990907510209,0.0167220696789336,0.000852275367239899,0.000397678451308854,0.0153460680085455,0.022962103693134,0.00571167833137996,0.000608001028940072,0.00382140870171798,0.00108739923900925,0.0590731736187801,0.0376787648655108,0.000565643543901036,0.026677825875222,0.00132357855998217,0.00687876530353391,0.00354046913359244,0.00275771779471988
23,0.000591164771921669,0.00889164041419967,0.00205088614944541,0.00182922284180912,0.00223894309047018,0.0029372029319896,0.0107487023841302,0.0192274767177103,0.00601595152244246,0.00892561056467077,0.0030057167222255,0.010914413858949,0.0418941561645134,0.102418792975553,0.00480512280142483,0.0353527839138814,0.230504401076391,0.000749034410012452,0.000321906418673216,0.069691734016966,0.00206192499196087,0.00902693094786139,0.00653466022671554,0.00238999864242385,0.00192057486958693,0.0293720524076794,0.000966049756698875,0.00290925143773595,0.0477716153586721,0.0498845662283895,0.0117140961922693,0.000661385849502763,0.00233288405417863,0.0157993117259441,0.000939336672960649,0.00109167668254357,0.0257970934901613,0.0174765130716585,0.00884494565937821,0.00241472475072653,0.00807852646175773,0.00141644509588314,0.076648123483947,0.0221205729160001,0.00140750396916836,0.0775588443782761,0.00103809920569773,0.00378536909460773,0.00328048572518788,0.00164157290504661
25,0.00193811880399196,0.00967446268157651,0.00194143911000084,0.001499063185289,0.0041768248461898,0.00580617337511393,0.00950713736297014,0.0228715914696306,0.00934651223834734,0.00534569349912249,0.00953501907339401,0.0107043677042728,0.0206481933854493,0.0766823085928043,0.00582348210182877,0.0413071524215028,0.156558844620443,0.000892051902160582,0.000747709734434141,0.0229102202913516,0.00780278791502115,0.0914606849035336,0.0159098703963888,0.00640851645417905,0.00370681870670412,0.0299760697552248,0.000808532480377412,0.00782487340505347,0.0318008986719024,0.0282987826281986,0.0174611857129543,0.00112479213304344,0.000876994292017805,0.0231803879788304,0.000740299058730938,0.000728145406367094,0.0178258830993856,0.0105804842653192,0.00974077771839507,0.00706474477657735,0.0179202481889845,0.00373075410634858,0.0833834408202618,0.0364738115356406,0.0325980134295416,0.0665299867929429,0.00562285356042313,0.0110984000948149,0.00888761445764438,0.00251698085531841
26,0.00195326762158797,0.0114129985454754,0.00174804430727052,0.00144208989739354,0.00122650317395904,0.00415049418868447,0.00116428754269334,0.0135280606039457,0.00246741526896414,0.017085696644044,0.00261535775956844,0.0184377129495966,0.0185653801053684,0.0543860324470679,0.019959220173148,0.0242894954818751,0.195225083721658,0.00180734317523028,0.00149259449787378,0.104046835454952,0.00542107384988647,0.00349759749420025,0.022004804001344,0.00626181416093345,0.00140061923525266,0.0117330555436862,0.000436899095363963,0.0114691398075852,0.031389664694641,0.028616883162064,0.00653826521994679,0.000983473618907784,0.00154105805993337,0.0175899024910503,0.00144075768660679,0.00108342135010009,0.00585762111313848,0.0210617381086605,0.0613182871318078,0.00438377982976233,0.00413159782556471,0.00512933595086285,0.13708175789119,0.0309057882869048,0.00522914603562425,0.0260150033179654,0.00656608819269799,0.0164661418501112,0.0168291800711855,0.0106121913626648
27,0.00397377438865867,0.0176929530318594,0.000910030235155912,0.00233624606655026,0.00228778228221451,0.0150733621166524,0.00232047016516795,0.0121280800075463,0.00404414680228861,0.0198201963357594,0.00466120501182079,0.0219038272905968,0.0309224175116431,0.0515307199206546,0.0126971492004915,0.0237886871247937,0.131892537829334,0.00337517914329407,0.000624215572348284,0.108232235431722,0.00560054874903291,0.00803743892779202,0.00583888048383238,0.00682555750739035,0.00170875681260814,0.0167800922157031,0.00137730019734663,0.0228353687394551,0.0128107518317067,0.0638038307659277,0.00917830286464173,0.00114899473838391,0.00234924441810821,0.0241144794448148,0.000395442027262551,0.0103248218444534,0.00454684429017696,0.01741610839851,0.0797817341673493,0.00476885286209134,0.00314756128137698,0.00779439835578948,0.109813276346573,0.0140754264758061,0.00661234769672277,0.0395620261795904,0.00268176704505696,0.00779782854637887,0.0298743493422975,0.00878245197526837
29,0.00158010402231389,0.00463749956790302,0.000762822035742057,0.000558805680996555,0.00135550898794988,0.00271778374308581,0.00387567430829654,0.0119748224722514,0.00583666723029946,0.0190583754340477,0.0388288261523428,0.0103978453963074,0.0144030822258039,0.0504471156121719,0.0125213121361022,0.0212303806037189,0.127034802067242,0.000599796867593874,0.0035418848713466,0.159266453705239,0.00049500270466394,0.00668173379703544,0.00338581025260888,0.0075243152614644,0.00313693730064228,0.00930428413244412,0.000538241746024329,0.00146657206787933,0.00844697337242144,0.0545267790896136,0.0150440947286662,0.000932795323755883,0.0220604128363913,0.0278922182511764,0.000693023279781707,0.000318376971670867,0.0194524433699411,0.0290882649922186,0.0510805849104776,0.0042909430669627,0.0190019410993302,0.00208419964941752,0.120411118774347,0.0288884315782753,0.00152901156648223,0.0326078875358941,0.0191329299858472,0.00325916023694026,0.0138207848132151,0.00227516418365576
30,0.00123000669282143,0.0122220919477796,0.000637859553333239,0.00335589806029863,0.0042206612122791,0.00174203563340515,0.00517245771872434,0.0205751235365739,0.00893769540367814,0.00830796126803945,0.00747956641911867,0.00475746225226294,0.0363334269166029,0.0851528370893064,0.00322539078734497,0.104660121533529,0.24289722377307,0.00281403193278248,0.000403537822319135,0.0108749676382511,0.00702761468168187,0.0173874037187694,0.00996117070881055,0.00226969540814026,0.0102658518733816,0.0356156070112129,0.00106247169015851,0.00106115203119037,0.0462196887536757,0.0180345028236777,0.00732655633529616,0.000696621641204622,0.00405943092964374,0.016682326014199,0.00168749020207758,0.000913034155749115,0.017027348349187,0.0175724110548409,0.00464038984525193,0.00249142213698335,0.00852606812060262,0.00113122468488329,0.0680037563240407,0.0487719754025949,0.00214021800206765,0.0700365934151661,0.00418211025221682,0.00500981262376474,0.00305480457923447,0.00214089003877613
32,0.00764118499868431,0.0112888732599945,0.0580057612889114,0.0014934744524871,0.00143724626993703,0.0159056566184926,0.00228831821258094,0.00299873916191743,0.00291514714043456,0.0267261198435048,0.0024074223405149,0.00859492508472858,0.00337389188119668,0.0399115877558403,0.0115361002516781,0.015675117252496,0.175630207807117,0.00989933773322989,0.00440623106143002,0.0242727298290599,0.00936237456580855,0.0136547778170634,0.00475397637753898,0.0243541738594536,0.001551360918794,0.0143155200267943,0.00767214797468376,0.0021166551237824,0.00391525215636685,0.0467655425684967,0.00292212082773782,0.0137061051776791,0.00218371053806805,0.024904340622053,0.000617706880512733,0.00163177597118228,0.00358195455382133,0.00731443597346312,0.0285812412293325,0.0176472357110021,0.00340702459307146,0.0993343112604849,0.152822716829821,0.00794700589477322,0.0208521211233006,0.0123458351152822,0.00429921640649661,0.00903406669814569,0.0166277110744702,0.0153695098862828
33,0.00279772765835234,0.0102557727012506,0.00197241875822347,0.0015728156518671,0.00640069737708904,0.00770125971503805,0.00413631760687292,0.034806350843797,0.0084106683528527,0.0123680502788289,0.00997805310612266,0.0213992290956902,0.00925652452510147,0.054279196536626,0.0037414086377349,0.0713532564063798,0.220761059997693,0.00424938790437529,0.00249412895910168,0.0172920365578643,0.00209422004003285,0.00787123924405565,0.0117457476216693,0.00982346455088862,0.00618528321966253,0.0442484250506169,0.00213334494002669,0.00441647819321811,0.0458380762135419,0.0488594930371982,0.0157747176086097,0.00113397572729995,0.00485742378297759,0.0161999646262837,0.00175854953458242,0.00135435279437465,0.0289893178095045,0.0186970190359697,0.00925424452813405,0.00458389844127184,0.0254449358234687,0.00576009378421931,0.0529030581014123,0.0294543995264909,0.00413112605118832,0.0691891193863488,0.00247930564353319,0.00983856211317951,0.00704527458489203,0.0027085283144871
34,0.00160036339120539,0.0103284094731702,0.00290019492269815,0.00390838882577438,0.00601882474989387,0.00374468620502525,0.00399759167624359,0.0291378650144411,0.0221503591447126,0.0119029405086816,0.0053623291420436,0.00717481650847874,0.025331679802733,0.0490029299405345,0.0161628799651412,0.066198922817087,0.217483552340747,0.00156820882111379,0.00122962490190764,0.0357085047113969,0.00309687042645278,0.0102978081145991,0.00930950309881788,0.00566421706203038,0.00567815641346257,0.0328994905031212,0.0017127023472083,0.00369095955031873,0.0222756850840614,0.0256932538112001,0.0118783710616652,0.00133880376405129,0.00606194784481436,0.0196187475877108,0.00187923037452015,0.0019692086166322,0.020106381794843,0.0251180027112928,0.0201034550824808,0.00385421834272253,0.0187798256963034,0.00406564649826347,0.066651126920744,0.0697562563304483,0.0035256022162772,0.0574758901384534,0.00351847694746379,0.00768997250335758,0.00836577009342597,0.0070113462002278
36,0.00507937783596708,0.00862727665476919,0.0403142272762532,0.000647012587328368,0.00589366090447282,0.0273270857884802,0.000804458157991766,0.00365765065384322,0.00164698772333889,0.0158962596383598,0.00231316334373565,0.0107250957708875,0.00586712852855479,0.0248436829334206,0.00895503949721494,0.0060944809642036,0.131054971272202,0.0157426429950083,0.0155488742331504,0.0116830228741707,0.0134509487858898,0.00180099312309289,0.00727411094557542,0.00372765026714331,0.00277668664187153,0.00415516888393572,0.0561061030344122,0.00775432765280586,0.0043175681624184,0.0119388854006501,0.0028751132699396,0.0281393554806213,0.00128305074680528,0.0299593336376496,0.00634580964473399,0.0036182907521958,0.00201339165713506,0.00534111822823185,0.0200428710661648,0.0701930924844879,0.00306808185761683,0.0834320922735356,0.126952039991691,0.00576233790751229,0.0638326429787676,0.00832643705214325,0.015439317600987,0.0132853848423891,0.0247504004780202,0.0293152955182237
37,0.00224844869433464,0.0265520273910658,0.00185430476778802,0.00148684022257368,0.00362121688797836,0.00271809654129848,0.00355996389838985,0.0163551673007347,0.0117378905990747,0.0079323544568389,0.00477802789379835,0.00790705264152227,0.0106106691230635,0.103061994248223,0.00420496298503236,0.0868874215998504,0.246415815093191,0.000434907375690874,0.000709885077153622,0.0111526703526365,0.00170913398864609,0.00487219797104108,0.00973933451276525,0.00222728313447751,0.00454715450529656,0.0209765541443933,0.000795263835584659,0.00121558899723841,0.0306760544727102,0.017835570267423,0.0214723150870371,0.00215640406718576,0.00672957723397169,0.0394182719950003,0.0014069779655916,0.000815587802544402,0.0103324458637006,0.0175950654585708,0.0100244825822379,0.0010767667572056,0.0286643021366204,0.00328902292464243,0.079706670459296,0.0655047223283327,0.00229326883551082,0.0474969002726216,0.00169044677975188,0.00475785546092405,0.00209309264883708,0.00465197036060122
40,0.000758311727372915,0.0075730110272294,0.00142622873105849,0.00319948104820585,0.00213821764121837,0.00539116892945947,0.00216139230813801,0.0153831674521508,0.00466747492243356,0.0116654794375445,0.0127051956600285,0.009811244115695,0.031026253921026,0.0455115815858519,0.00514169159141874,0.0241398588681856,0.208621671618211,0.0015753211607758,0.00107543072153768,0.0252933339361937,0.00118402935595546,0.0106188904175885,0.0454948033138896,0.00393587664685338,0.0040397627193546,0.0151085276906476,0.00124709331668657,0.0022637546001316,0.0604944853416478,0.0879668427142545,0.0134676253307072,0.000957666405156372,0.00319988811239195,0.0283734518922137,0.001170993608254,0.00128736530927404,0.0201856106223975,0.0338317901275709,0.00810028185872336,0.00312626161500889,0.0152096503591394,0.00318127601366952,0.0800612251238427,0.0243562971138726,0.00871089564733635,0.0825763616582519,0.00176592129734551,0.00530268838986691,0.00838236587180899,0.00513280112242373
42,0.00249965351734832,0.0270453671801654,0.00129533452294588,0.00250762143645422,0.00275871916401233,0.00700256086764277,0.00531973991140804,0.0155579874458014,0.0101927161320807,0.0114948137046245,0.0109476611452588,0.02849116311063,0.0275366995897954,0.108417414327375,0.00417292772642922,0.0390059827139159,0.15394768033464,0.00168128952280464,0.000925854053691024,0.056206275238008,0.00224604582781054,0.0291496469894084,0.00808666162257294,0.00760744289955906,0.00216000595301877,0.0234392736953791,0.000653613693217374,0.00207616984187014,0.0282186694975607,0.039851023724957,0.0143608569141317,0.000613083791585365,0.00465609755772961,0.0398293856078521,0.000958434542095729,0.00178174501035776,0.0150506622187612,0.0258201980029676,0.0104035750505495,0.00225592944925854,0.00879560135708413,0.00404865061062091,0.0861128492150465,0.0325781282384784,0.00823775922939665,0.0623513196227428,0.00384496701782785,0.00461823475026445,0.00944880784055049,0.00373769858231273
43,0.00246441270267248,0.00921772641942666,0.000648171250986438,0.00614776975280463,0.0514468768216445,0.00319364531913347,0.00463559121823038,0.0278183829562282,0.0130971229979724,0.0206000471822245,0.00550790979345692,0.00906104185431974,0.0276411588844982,0.050253901869351,0.00273505822313095,0.0229375130654089,0.196716431209644,0.00304143935086568,0.00237950933303015,0.0483616780893922,0.00400175156768403,0.0073313204910717,0.0161610876779075,0.0110744764469593,0.00172889151930544,0.0212353961560555,0.00169861280742359,0.0248806891382474,0.0200289814884291,0.0454721822800406,0.0220931719961434,0.00349504271674892,0.00492891885708285,0.0292287277595921,0.00212894846897459,0.00720683443065661,0.0180005337101641,0.0243442012291387,0.0416264162443323,0.00316666690914905,0.00464052402233538,0.0051645354094181,0.0706424600570076,0.0108127574369506,0.00195261741085131,0.0507011508643099,0.00484095870396458,0.0101249260827189,0.0100845177871978,0.0132973120357182
45,0.0139322706302374,0.0114224255210005,0.0120164965118735,0.00100881916096698,0.00155464450252206,0.0250913508792658,0.00314710653268341,0.0064089493289651,0.0105836889519292,0.0196537365037252,0.0027287493029577,0.0118463609045441,0.0161370068171472,0.0490879943987551,0.011656437049932,0.0390379282550256,0.109667436130723,0.00257038303478398,0.00205861064508122,0.0758127389650966,0.0188129768653831,0.00348179159699502,0.00250338275410074,0.00296222549079734,0.00431514430781371,0.018262492250789,0.00680305853169071,0.00649508394399425,0.00604411552782435,0.0338050815698272,0.00698347031830116,0.00835708049553719,0.00259756608700355,0.040272863894201,0.00238580281362409,0.000653176895827597,0.0187415888851033,0.00909537413417527,0.0444844469482286,0.0108668249590557,0.00483377701180644,0.0352286639588912,0.179031578444659,0.0118176259253615,0.0161787171696869,0.0255341345172186,0.0125397711347033,0.00816888921135595,0.0278397115856168,0.00548044874321209
48,0.0022095616416753,0.00285178138399388,0.000784549924160871,0.0153505186624572,0.00106516714954973,0.0106599090887771,0.00159975704255495,0.0191766331556859,0.00837050148477696,0.0101848054159047,0.0164967680391434,0.00328768076893936,0.0130643669569265,0.0424662280633093,0.00729488664133805,0.0603082166935376,0.25037928246516,0.00220003515204819,0.000678625424395648,0.0163644470636603,0.00363756620386441,0.0515147856458864,0.0144969822028122,0.00197867858742854,0.00856448465267456,0.00441142140036432,0.000529693841489637,0.00338158197507912,0.0204576756569976,0.0696384165737921,0.0187626814277067,0.00254779577141948,0.01650531499279,0.0274426892994583,0.00179466743779876,0.000855775279268505,0.0228494944180817,0.033170363418162,0.0173307255861485,0.00154484419642178,0.0185261976535867,0.00174547053980099,0.0722354876578275,0.00974032588258672,0.00113286016647091,0.0812714315834914,0.00140287483479036,0.00344881666215515,0.00189559245098802,0.00239158178266276
49,0.000372306342703527,0.00601674923084286,0.00028962095302554,0.00186835095858746,0.00144897550953248,0.00170891294592115,0.00188955099931907,0.022667323926695,0.00343870554644355,0.00629765539769879,0.0242357827683777,0.00485014036126929,0.032194439445366,0.103335294811056,0.0022876306857653,0.020234435725904,0.160912798969702,0.000722212456498915,0.000352719444427387,0.0196407193336591,0.00183249737020403,0.010634449251876,0.020148093143616,0.0203209778747382,0.00282817671137451,0.014652474027399,0.000270031243092291,0.00166944683922552,0.0216336826797295,0.21473399597138,0.0157987839709834,0.00100071118885966,0.00222413156773827,0.00813227261986043,0.000463771046471081,0.00034008285267328,0.0207948932155446,0.0255538581406543,0.00291012502720036,0.00156226048025753,0.0048373603039926,0.00106060752028174,0.0477667642016166,0.0140431274972488,0.000659365521603164,0.120036870416817,0.00165321199756753,0.0029468533903168,0.00322446080947404,0.00150233730540797
50,0.000499140708223715,0.00572248329294314,0.00103805260045575,0.0051315540123465,0.00129359687078444,0.00244496468052783,0.00165774636312813,0.0182151229693707,0.00310937890655032,0.013857521592758,0.0112834259543786,0.00981380788975688,0.0125450623764992,0.0591510711667145,0.00650529657501913,0.0655663532698243,0.281165989826457,0.000698592023282471,0.000404473916015027,0.0318038967125457,0.00299787225510792,0.00454983420776953,0.0129666998547166,0.00546290529636856,0.00584929895567293,0.01662779758492,0.000221741841979998,0.0021890967721516,0.0346399754261026,0.083058747326701,0.0116999060142289,0.00120969483486894,0.00509257911001134,0.0301322180113884,0.00104394830008515,0.000667727633628075,0.0124628701409437,0.0351578153399938,0.0123174256178532,0.00142738598311151,0.0162640670736646,0.00244207577595587,0.0630076292303016,0.0379951374739301,0.00299854456388243,0.0494051467060249,0.00208219147755389,0.00601714464129425,0.00505187290958542,0.00305311793262211
51,0.000257330746510084,0.0115407551904786,0.000253196766983317,0.00138892489611926,0.00304161002318586,0.00222099420847559,0.000546432649520726,0.00879271707108699,0.00293006549168713,0.0154353521995097,0.0011075146248349,0.0065930341138764,0.0126049430991153,0.0321145140691322,0.221694179949679,0.00706756373977009,0.276985828858731,0.000313393222738402,0.00021960731290158,0.00894610526705433,0.0108551997028522,0.00162681717584142,0.00739780901154358,0.00514299624717302,0.00082103025283441,0.00790373668265291,0.00149557904987853,0.00364325350563366,0.00773896947125996,0.0119316168908141,0.00316209478288302,0.00141493714696307,0.000774668253420883,0.028812828221744,0.000453985940035625,0.0008200720677339,0.00645612763335495,0.0111001770904127,0.0124101732543527,0.00637338304771612,0.0074819972632685,0.0054122303076644,0.1471412647472,0.0410712192542942,0.0125881890453968,0.0138959731441412,0.00435870048015022,0.0167499887714537,0.00278275387173118,0.00412816418420858
52,0.000533404379850145,0.00494007428206835,0.00174797498554183,0.000999674085181547,0.00174935102437179,0.00100591536450835,0.00802047952471825,0.0464193509186757,0.00183381790823445,0.0155615669603546,0.002356007929126,0.0033722553584243,0.0270908417929563,0.0748715109300231,0.00220794539861798,0.0404970207726774,0.247342151062784,0.0015006490404273,0.000879793409081322,0.0217397429872458,0.00924689861591311,0.001963823365539,0.0365214485421009,0.00481032898017556,0.00294806026424477,0.00994158326933819,0.000250147835340455,0.00169562506782389,0.101010493434214,0.0117047162962428,0.00743565639554473,0.00494936281291135,0.00343658207593929,0.0161007224550813,0.00236744851160066,0.000644443216857127,0.0149626260538947,0.0291641548713288,0.00730484961916302,0.00284562482056513,0.00585717224871334,0.00146576000182504,0.0728212671045426,0.0595402452205602,0.000956392174544448,0.0700589034789372,0.00263958080938239,0.00887606142208701,0.00188481712421602,0.00192567579650417
53,0.000400048230048152,0.0132433752487948,0.000211971479228272,0.00143118660364287,0.00394623298172889,0.00274209394147798,0.00341839494249888,0.0106555827471506,0.00425523865530879,0.00984440754706824,0.00383314556161252,0.0197370707155414,0.00584352995132869,0.0481295994264204,0.00162042082619626,0.126714993793327,0.212005861504176,0.00106405561476099,0.000448138341093781,0.0128469230052692,0.000326474663310764,0.00525729863865567,0.0123708508780917,0.00321891012137149,0.00459870618220649,0.0300966511622231,0.000132092775780252,0.0030508824847438,0.041753926949075,0.0843442996276669,0.0328517610109433,0.000365780955803573,0.00238938688517462,0.102640894769587,0.000320496132072864,0.000336953525858746,0.0115377453129242,0.027260487657738,0.00570265514383943,0.000774129696826935,0.0100378371751723,0.00100827879594197,0.0579348123986497,0.0136934553562334,0.00136231857869071,0.0558752636965614,0.00185423818920649,0.00220524007693297,0.00287551693223573,0.00143038310980815
54,0.00140071419768003,0.0205351486699439,0.0040405189827357,0.0026905447753864,0.00354128900526476,0.00745475750589083,0.00389254826503568,0.0216702657611063,0.0103166028377449,0.012306396174752,0.00821765080132308,0.0330361229598358,0.0200343043158499,0.0458495087316109,0.00704206709346793,0.0506666478432008,0.173935012177538,0.00283697968181847,0.00103098911819631,0.0301679532912677,0.0041911042199668,0.00856542815666793,0.0161562357358851,0.01019843371498,0.00562663381033036,0.0265890176065544,0.00161074967762704,0.00337633662303187,0.114024195810201,0.019798702571493,0.0194706438869288,0.00463139728443947,0.00553698605353539,0.0276946668132696,0.00147576162421431,0.00162890902576041,0.0205741129768906,0.016806687013339,0.0143544935090956,0.00351384515693607,0.0268264079436534,0.00686790515945859,0.0784493852908624,0.0282271859348798,0.00541541969867517,0.0404615947089524,0.00176878358199592,0.00779524152285973,0.0134213297513752,0.00427638294649107
55,0.000760351932908681,0.00945408699796277,0.00261657162937399,0.000716465354206421,0.00159326185225399,0.00527772694376539,0.00272603241145726,0.0155812785226263,0.00498927503712525,0.0219452581578537,0.0272048118391671,0.00230413234705285,0.0111963415218528,0.0405032159801215,0.0142923394036627,0.0248904683762107,0.165069832135478,0.00198799764436875,0.000327646291051667,0.0235360687041661,0.00967650872551393,0.0108883636269522,0.0150673946700892,0.066406224431916,0.0074538735545945,0.0176854527552786,0.00406919158065288,0.00304335649350606,0.0144772276365182,0.114087736901305,0.0159791944195513,0.000582216890496821,0.00231493786767696,0.0292455557925579,0.000480360327626924,0.00142397224857504,0.00316475280450903,0.0250946700105164,0.0116174941486008,0.00526385143256242,0.0154656116735825,0.00227463089662125,0.0761005355294446,0.0159411319298592,0.0432953294144701,0.052975001598353,0.00384243585766258,0.015576471791205,0.0348224588849563,0.00471089302217866
56,0.00079390798742823,0.0196251889256664,0.00131506119485197,0.0036532052641866,0.00296588205166736,0.00442255137611048,0.00298359974006499,0.0336255293838589,0.0243065911687527,0.00987402320156501,0.00842337425416281,0.0107354113954602,0.00593575755667754,0.0711820307407856,0.00385293767132985,0.0388118614654387,0.220902538024112,0.000968509445044005,0.000501412147698234,0.021446886350655,0.000643759522448536,0.00774240064042794,0.00933562871956337,0.00306053264523834,0.00273465319264529,0.0339060418759959,0.000512200913666684,0.00146887872371574,0.0199970823333198,0.0204056692057586,0.00961157248797552,0.000317283760916652,0.00456002493534863,0.0296816776843511,0.000549509563104231,0.000613642740614825,0.0189202370040833,0.0152089883463507,0.00903406233591167,0.00221699945672389,0.138372129635318,0.00297819518083832,0.0614658890017859,0.0486047914781723,0.00246865760222556,0.0543072303528939,0.00184880256397857,0.00527003032441123,0.0052676561674312,0.00256951225926775
57,0.00250029906548683,0.0137909270137369,0.00180087371600639,0.00145972271185946,0.0056871207981024,0.0153839070707346,0.00428017245457634,0.0149021350151483,0.00295494989858937,0.015220642443159,0.00697395366395781,0.0290523017370388,0.0272569087280079,0.0845710186622448,0.00886342260467429,0.0455716243658247,0.161289471230392,0.00179824804267446,0.000603437576174983,0.0557631496923122,0.00886111368426321,0.00922335078107342,0.00332107323108345,0.00482951100997658,0.00649810702510684,0.023799734397,0.000832925742997987,0.00178022615522674,0.0417687753357064,0.0397732223860819,0.0210523848089663,0.00036406743769599,0.00265967203197818,0.028025819857222,0.00117219304491066,0.00178184777729108,0.0164463759710468,0.032506240924083,0.012673715000976,0.00276361912782492,0.016490930546107,0.0047628341570628,0.0749249139302462,0.0283122795763473,0.00312334131241559,0.0888103310957865,0.00518963583095705,0.00493920985261954,0.0114648477639411,0.00212341371330401
58,0.00204789199932376,0.0138350620881753,0.00107533772351662,0.00223605566941562,0.00404802450300566,0.00904987252457052,0.00426997261327234,0.0180188488180141,0.00761240551379205,0.0103593205236159,0.00631012229225188,0.0218759409766773,0.0108620786497838,0.0639132996173232,0.010566375350752,0.0571599637450192,0.223583204507232,0.00100736959925347,0.000766362048086638,0.0336613924027141,0.00217126101149628,0.0103129736667928,0.00651189181933809,0.00659247766629334,0.00262354721562527,0.0219687490590149,0.000895862900432657,0.0165932312918819,0.01598305572019,0.0517391317415131,0.0745914143107537,0.000540963632219056,0.00531814338818406,0.0131702526821952,0.000925734082710029,0.00129393979882678,0.02196686291018,0.0314336867014291,0.0196178999483335,0.00208180247184716,0.011662064311405,0.00453423011005904,0.0647489789640026,0.0199168855025239,0.0143117203698709,0.0494988039576652,0.00341231294647022,0.0107352886172688,0.007775264027971,0.00481266800771111
59,0.00145876946404456,0.0150524685214824,0.0018579194460726,0.00111550749317971,0.00238040380298786,0.00461424007704838,0.00268756944479377,0.0279004231725422,0.00926124573981919,0.0197800889286689,0.00715212416877038,0.0176261967673499,0.0272859024562092,0.128797095562934,0.0105399390973573,0.0462357971357015,0.143023983496452,0.00172998753403201,0.0006429243147289,0.0942523985084969,0.00417717355533834,0.0058291490927141,0.0112635770659388,0.00399721661692099,0.00248655064157946,0.0360338324761378,0.000348635334833509,0.00164773310550618,0.0185170458719265,0.0389248928474228,0.008233222709625,0.000363244053326098,0.00708190442791207,0.0207905392048233,0.000412037857980737,0.000742682881719399,0.0137398241266031,0.0267591237758276,0.00788117440117528,0.00269549503057938,0.00486489082063916,0.00145152336197376,0.0909820264109447,0.0442688066409009,0.00245275680262252,0.0578751094930554,0.00398599866322585,0.00401793586028804,0.0090225389145684,0.00575837282121854
60,0.00217576438304785,0.00329370024385477,0.000608293810647559,0.00180293636113859,0.00226834504221692,0.00202707590299261,0.00360287448941689,0.0113042162541608,0.00214528754319371,0.0188224244174903,0.0325904583538212,0.00349326719819528,0.0143914860032492,0.045177206595346,0.0108320842384202,0.0901895947319364,0.207333783560848,0.0026813968948693,0.000427432772072199,0.0585203027486966,0.00393812520685452,0.00516823072147855,0.010586870302679,0.00160772050324932,0.00692556670865025,0.0164031408511512,0.00156149219911058,0.00545933156497317,0.0186179811208423,0.0942989143254658,0.016191018080527,0.000643620284697519,0.00553813464631246,0.0174162073106408,0.00101634168302156,0.00228876312264901,0.015751182940944,0.0194791144553973,0.0185620911606274,0.00137011317729185,0.0300216041929393,0.00464173616814057,0.0424686858308997,0.0343291211674863,0.00142710234747469,0.086697433229342,0.002342917291608,0.00693715341202835,0.0121265206946165,0.00249583375328615
61,0.00277279250528116,0.016260434560653,0.00387712036751068,0.00149802593407276,0.164005214477989,0.00320696098764623,0.002642949880211,0.0169133253701589,0.00781930184573861,0.0233351032676509,0.00187221686018232,0.0119316091498155,0.0122456972734218,0.0890966224919894,0.00599579148974129,0.0516741628540956,0.152210761670187,0.00262509668886711,0.000860257950195444,0.0258648868047957,0.0101982455585059,0.0050015353448969,0.00710704746566522,0.00629602536130998,0.00182509879366732,0.0326691042489674,0.00798543646343275,0.00241375853098869,0.00700636418300034,0.023041133949333,0.007229815777983,0.00172735591258089,0.00139221293694316,0.0261586360532417,0.00220563991304645,0.00316338907946699,0.0122749066553869,0.0132592287011929,0.037244941887203,0.00400906450156523,0.00401476842583119,0.0236415073682457,0.0789469952459242,0.00846104397937539,0.000961644565781102,0.0454943971012563,0.00253638860123118,0.00473196827243449,0.0152203580037641,0.00707365468757584
62,0.000726172747579768,0.0137863652405084,0.000982446487891353,0.00383592688796344,0.00715147765757428,0.00287404441421236,0.00405918348171136,0.0146992429277686,0.01516771950644,0.00951780416287424,0.00658028461119878,0.00417491035181455,0.0118891030484774,0.14568785048889,0.00285630008866785,0.0815561179474685,0.181109169735795,0.000614995410293771,0.000679649723156071,0.0284704549126817,0.00119242626106239,0.00965773246006166,0.0084343053937683,0.00128681691010663,0.00153764266011124,0.0673544057650557,0.000567430677666827,0.00142717688071257,0.0246999258998454,0.0251420140665018,0.0107541379637311,0.000885616727938187,0.00250908074896158,0.0127255565478803,0.000637679725678116,0.000558233543639643,0.0167541756087676,0.034726860228498,0.00373549540957376,0.00166447125823324,0.0121233702430857,0.00127716981813331,0.0422181088338385,0.0503408658043621,0.00112202881534284,0.118270940969401,0.00278515995298141,0.00404829656946158,0.00434973827897961,0.000793916143652789
63,0.00111690820391345,0.0127906109784416,0.00203040944676177,0.00361499228090106,0.00402272128013196,0.00478072516919658,0.00305135477975028,0.0294399027688639,0.00973832533838344,0.00869375874605366,0.00735374836389188,0.0205801387552238,0.0117791025334647,0.0587766067939384,0.00301524089026879,0.0368173783545231,0.186914237799719,0.00112254671754599,0.000752518994662911,0.0333652578180232,0.00201883662238798,0.00810283084456867,0.011482053654472,0.0082468378523416,0.00190082073458624,0.0275598640883611,0.000432278538412846,0.00111780590056937,0.0291743938940459,0.0531702545243003,0.117517848603591,0.00132217613071608,0.00368649471618764,0.0250369912702261,0.000778292998422599,0.000685915394485181,0.0265553542508934,0.0208233183289771,0.00882762140663784,0.00175087384836542,0.0106219101060336,0.00303875497650169,0.0570577543145455,0.0130943808112858,0.00736185210501985,0.10132172888064,0.0028698919826546,0.00536796489729115,0.00620896963240742,0.00310944267741276
65,0.000343579392073226,0.0118054992227605,0.000229609555127422,0.00310886732485365,0.0009213714421362,0.00145679367675209,0.00233857954709477,0.0112131882478281,0.00385179290440368,0.0211868502305193,0.0136685875093827,0.00966599462584266,0.0186188972607551,0.107975274151216,0.003018776755579,0.0675096030613814,0.190420602237465,0.000698495387300391,0.000153111100174913,0.0603549802734707,0.00169129037628246,0.00896766272826473,0.00413635705688003,0.00297134306745535,0.00415983507077849,0.0297293957502617,0.000147114878104314,0.00123756504951239,0.0180775062837281,0.0633345612289807,0.00529758302048281,0.000195795298908629,0.00529019043447297,0.0565032615891395,0.000373829139691833,0.000546636796936446,0.0101726502880552,0.0287820014102685,0.00461015924724422,0.00187849170561564,0.00556914803590081,0.00125003152230843,0.0493456374658754,0.0594766623407266,0.00188807026727918,0.0763868387205018,0.00472904212278221,0.00342907547198947,0.0197938176627915,0.00148799206266402
